职位名称,工作地址,学历要求,工作年限要求,招聘人数,薪资待遇,公司行业,公司性质,公司规模,融资阶段,招聘状态,职位类型,岗位描述,公司介绍,公司工商信息,简历详情页地址,更新日期,技术栈
Python售后工程师,上海闵行区优层智能有限公司303,本科,1-3年,,10-12K,电子/半导体/集成电路,,100-499人,不需要融资,招聘中,全职,岗位描述：1.根据开发需求，完成基于Python的模块开发；2.负责产品的接口优化和性能优化；3.与各部门团队成员协同配合，完成迭代开发任务，确保产品的顺利上线；4、遵循开发流程和开发规范，完善代码注释。技能要求1、熟练使用python语言，1年以上python工作经验；2、本科及以上学历；3、能接受长期出差，项目地工作；4、工作认真负责，具备良好的团队沟通和协作能力,公司主要为光伏产业提供一站式服务,https://www.zhipin.com/gongsi/5630ea18e1fc1c551XF40ty-EFI~.html,https://www.zhipin.com/job_detail/bcfc4a33a8dc6e2e1HB629q7FVFU.html,2024-05-15 06:43:50,[['Python']]
资深python开发工程师,上海浦东新区前滩中心40楼,本科,5-10年,,20-21K,计算机软件,,0-20人,,招聘中,全职,"致力于开发AIGC相关项目。包含企业大脑，知识库，自动化公司等职位描述主要职责：参与大规模NLP和机器学习模型的设计、开发和优化。利用Python进行高效的数据处理、清洗和分析，以支持模型开发和改进。与跨职能团队合作，确保项目的顺利进行和成功交付。参与代码审查和技术文档的编写，保证代码质量和项目可维护性。对最新的NLP和大模型技术保持关注，积极探索和实施新的技术解决方案。基本要求：1.本科及以上学历，计算机科学或相关领域。2.5年以上Python编程经验，熟悉常用的数据处理和机器学习库。3.3年以上NLP和大模型开发经验，有实际项目落地经验者优先。4.熟悉深度学习框架如TensorFlow或PyTorch。5,了解langchain框架或semantic kernel框架，了解向量数据库6.有良好的算法基础和数据结构知识。7.良好的团队合作和沟通能力。加分项：有大规模机器学习或深度学习项目经验。熟悉云计算平台和大数据技术栈。有研究背景或发表过相关领域的学术论文。",,https://www.zhipin.com/gongsi/5884ee9793f09b5b1nV939i7ElQ~.html,https://www.zhipin.com/job_detail/996d71a9b909ac7f1HV729u-FlZT.html,2024-05-15 06:44:12,"[['Python', '数据处理', '数据清洗', '数据分析', 'NLP', '机器学习', '模型设计', '模型开发', '模型优化', 'TensorFlow', 'PyTorch', 'langchain', 'semantic kernel', '向量数据库', '算法基础', '数据结构', '团队合作', '沟通能力']]"
mes开发工程师,深圳三利谱光电科技股份有限公司公常路246号,大专,3-5年,,10-15K,电子/半导体/集成电路,,1000-9999人,A轮,招聘中,全职,任职要求：1、大专 以上学历， 计算机类相关专业。2、熟悉NET/.NETCore等主流框架及相关知识；3、熟悉C#/JAVA等主流后端开发语言；4、HTML、JS等前段开发技术；5、SQLServer、MySQL等数据库数关开发及优化技术；6、MES系统慨念及流程、制造业生产方式慨念；7、数据汇总分析；8、多系统数据对接经验及技术、系统异常问题排查经验及技术9、良好的沟通能力和团队合作精神。,"深圳市三利谱光电科技股份有限公司是高新技术民营企业，自2007年公司成立至今，在LCD偏光片领域，取得了长足的进步。公司于2017年5月上市，股票代码：002876；研发技术团队在公司成立之前就主持制定了《液晶显示器件的测试方法》国家标准、主持了《TN-液晶显示器用偏光片》和《TN-液晶显示器用偏光片》研制项目、主持制定了国内液晶显示器用偏光片的标准，在公司成立之后又先后成功研制出中国CSTN半透偏光片、OLED偏光片、TFT半透偏光片、宽幅（1490mm）TFT偏光片生产线并拥有该项目的完全自主知识产权，公司现已拥有4项发明专利和27项实用新型专利。1号生产线：宽幅（1330mm）TFT偏光片中、后工序生产线于2007年在深圳松岗建成；2号生产线：650mm全制程偏光片生产线于2008年在福建莆田建成；3号生产线：宽幅（1490mm）TFT型偏光片于2011年8月在深圳光明新区建成,三利谱L3是国内宽幅TFT偏光片全制程生产线，年产能600万平方米;4号生产线：三利谱合肥工厂一期工程已于2016年10月28日建成投产，包含两条宽幅生产线:L4:幅宽1490mm，年产能1000万平方米；L5:幅宽1330mm，年产能 600 万平方米。5号位于福建莆田的L2工厂，宽幅650mm，主要生产TN/STN类偏光片，产能120万平方米/年。公司规划到2020年再建成4条宽幅TFT偏光片生产线，包括2条宽幅（2300mm)TFT偏光片生产线和2条宽幅1490mm TFT偏光片生产线，届时三利谱偏光片年产量将达8000万平方米。“三利谱”人，热忱、务实、协作、高效；“三利谱”园区，环境优美，林涛阵阵，交通便捷，生活适意；“三利谱”公司，开国内行业之先，前途锦簇，空间广阔。为众多有识之士、行业菁英所称羡、所向往。“三利谱”公司在偏光片行业耕耘多年，风云际会，厚积薄发。如今，她正在步入一个行业中不可多遇的、快速成长的发展期；她踌躇满志，正在张开双臂，拥抱天下才俊、行业菁英，并籍此共襄大业，携手未来。公司福利：1、包食宿；食堂环境好，所用食材好，口味佳。2、工龄奖：服务满半年，工龄奖100元；服务满一年，工龄奖300元；服务满2年，工龄奖400元。3、年终奖：根据公司效益，年终对员工有一定奖励。",https://www.zhipin.com/gongsi/e233e5ffbf7c31b60XJ50t6-GA~~.html,https://www.zhipin.com/job_detail/511ab825fae47be31HB52tS5FFFY.html,2024-05-15 01:00:51,"[['NET', '.NETCore', 'C#', 'JAVA', 'HTML', 'JS', 'SQLServer', 'MySQL', 'MES系统', '数据汇总分析', '多系统数据对接', '系统异常问题排查']]"
.net软件工程师,深圳宝安区鹏鼎控股资讯,大专,1-3年,,7-9K,通信/网络设备,,10000人以上,已上市,招聘中,全职,1.熟悉Oracle数据库2.熟练.net开发工具,"公司介绍 公司成立于1999年4月29日，并于2018年9月18日在深圳证券交易所上市,股票简称“鹏鼎控股”,股票代码002938。 公司主要从事各类印制电路板的设计、研发、制造与销售业务。产品广泛应用于通讯产品、计算机、消费性电子及各类3C电子等产品。 鹏鼎控股的制造基地分布于深圳、秦皇岛、淮安，服务半径覆盖中国大陆、中国香港、中国台湾、日本、韩国、美国及越南等地，可以为全球客户提供高速、高质、低成本及高附加值的PCB设计、开发、制造及销售服务，满足客户「one stop shopping」的需求 公司以“发展科技、造福人类，精进环保、让地球更美好”为使命，多年来致力于与世界一流客户合作，通过运用先进的研发技术，配合高效率、低成本的运营手段，构建出一个体系完善、布局合理的PCB 产供销体系，打造了“效率化、合理化、自动化、无人化”的现代化工厂，成为业内极具影响力的重要厂商之一，在行业享有非常高的知名度。 公司高度重视研究开发工作,在深圳市设有研发中心,公司不断加强产学研合作，截止目前已与包括清华大学深圳研究生院、北京大学深圳研究生院、中山大学、哈尔滨工业大学（深圳）、深圳大学等大陆知名高校以及台湾工业技术研究院、台北科技大学、成功大学、台湾清华大学、中兴大学及中原大学等多所台湾地区知名学府及研究机构进行研发合作，截止目前，公司已获得国内外授权专利数600余件。 根据Prismark 2018年2月最新报告统计的以营收计算的全球PCB企业排名，公司已成为全球第一大PCB企业。",https://www.zhipin.com/gongsi/76551dc7be40d6543nF63Ny4.html,https://www.zhipin.com/job_detail/e5a9ec8697310e0b1XV-096-F1dR.html,2024-05-15 01:01:36,"[[['Oracle数据库'], ['.net开发工具']]]"
计算机编程老师,上海闵行区上海闵行区30栋,本科,经验不限,,2-7K,培训/辅导机构,,0-20人,未融资,招聘中,全职,能够熟练掌握大学计算机专业知识需要会熟练python 或 java 或C语音英语水平需要能看懂英文题目和教材需要帮助留学生辅导完成作业需要有责任心 线上工作 时间相对自由,帮助留学生发展辅导其学业,https://www.zhipin.com/gongsi/dce5e8afdfafb1a81nx93tq9EVI~.html,https://www.zhipin.com/job_detail/2f518967a711a0e41nx53dW9FVtX.html,2024-05-15 06:46:09,"[['Python', 'Java', 'C'], ['English']]"
.NET开发工程师,深圳南山区深圳市爱世达资讯科技有限公司405室,本科,1-3年,,9-14K,计算机软件,,20-99人,未融资,招聘中,全职,"【岗位要求】1. 计算机相关专业本科及以上学历，1年以上开发经验；有Aras Innovator、PLM、ERP、MES系统开发经验优先；2. 熟练掌握C#或java，SQL Server数据库/MySQL；具备良好的开发习惯，有优秀的文档能力；3. 有较强的软件开发功底，能按时并高效完成既定计划;4. 具有良好的沟通能力，团队合作意识强；5. 熟悉ERP或金蝶产品优先。【岗位职责】1. 完成软件系统代码的实现，编写代码注释；2. 根据设计文档或需求说明完成代码编写，调试，测试和维护；3. 负责项目版本、代码管理的技术建设，并输出开发相关技术文档；4. 参与团队的管理与技能培训；【公司福利】 1. 双休制、上班时间（9:00-12:00,13:30-18:00） 2. 七险一金、健康体检、节日礼品、生日福利、高温补贴、年终奖金 3. 礼金（结婚贺礼、婴儿出生、重大疾病、丧假慰问、妇女节） 4. 培训进修（内外部）、职员俱乐部、年度旅游 5. 年休假、婚假、产假、陪产假、病假等带薪假",公司成立于2014年1月，核心团队从事信息化领域超过15年以上，是一家专业提供企业级信息管理系统与企业数字化建设的软件公司；也是金蝶软件铂金级合作伙伴，ISV伙伴，拥有行业自主研发和企业IT定制服务团队。公司拥有一批极具专业背景的企业管理咨询顾问师和技术专家，具备丰富的行业经验和对管理信息化、数字化的深度研究，我们一直致力于成为企业值得信赖的信息化、数字化服务商，坚持秉承客户至上，服务至上，帮助客户成功的核心价值观，为企业客户的信息化、数字化建设完善不懈努力。企业愿景：成为值得企业信赖的EBC服务商企业使命：帮助客户数字化转型升级，让团队成长与实现人生价值企业文化：以客户为中心，以奋斗者为本，分享与成长【公司发展】现公司将近百人，因业务扩增全国（深圳总部/长沙分公司/成都上海办事处等），公司业务不断发展，人员需求不断扩大，我们公司主要做金蝶云星空+金蝶PLM/自研PLM+自研MES+自研WMS等金蝶及自自研产品，公司在快速发展阶段，期待您的加入！,https://www.zhipin.com/gongsi/9445e341214de02a0HR-3tq_.html,https://www.zhipin.com/job_detail/c8d45d62054c9f871nN_0tS5FVNQ.html,2024-05-14 23:59:21,"[['Aras Innovator', 'PLM', 'ERP', 'MES', 'C#', 'Java', 'SQL Server', 'MySQL']]"
.net开发工程师,深圳龙岗区春湖工业区10栋,大专,1-3年,,10-15K,计算机软件,,20-99人,未融资,招聘中,全职,职位描述：1.负责公司ERP系统设计、开发、测试、维护工作，完成完整系统测试与部署；2.完成DotNET服务应用开发，能够编写多线程、消息通讯的Web服务；3.上级交给的其他工作任务。任职资格：1.大专以上学历，计算机、软件等相关专业优先；2.DotNET开发三年经验以上；3.熟悉SQLServer数据库及基本SQL应用；4.思路清晰，自学能力强，善于分析，独立解决问题，具有良好的团队协作精神；5.有java、Mysql开发经验更佳。,深圳前海思佳智能有限公司成立于2019年，由中国最大规模书刊商业印刷企业“中华商务”投资成立。思佳智能从创立之日起即致力于把基于先进信息技术的管理与业务实践普及到客户的管理与业务创新活动中，全面提供具有自主知识产权的ERP企业管理软件服务与解决方案；秉承“中华商务”百年企业的精髓，思佳智能以开发新的技术领先产品为核心竞争优势，以ERP为主要应用平台，针对不同客户需求，做出不同产品组合和延伸，满足企业快速，敏捷的需求。 公司致力于人才成长，构建全面的发展平台。我们秉承开拓创新、合作共赢的人才管理理念，邀请优秀人士加入我们的团队，共创美好的未来。,https://www.zhipin.com/gongsi/71faba4e3beb15d833Jy09m-EQ~~.html,https://www.zhipin.com/job_detail/e41b2544aaf78c1e3nFz3NS9GVo~.html,2024-05-14 23:59:43,"[['ERP系统设计', '开发', '测试', '维护', 'DotNET服务应用开发', '多线程', '消息通讯', 'Web服务', 'SQLServer数据库', 'SQL应用', 'Java', 'Mysql']]"
.NET工程师,深圳南山区深圳科技工业园大厦(西南门)701,大专,1-3年,,14-20K,电子/半导体/集成电路,,100-499人,未融资,招聘中,全职,1.负责自动化设备上位机软件的设计开发工作;2.参与产品方案的设计和评审，负责对软件功能进行分析和评估，做出系统软件设计方案，进行设备上位机软件部分开发;3.跟进项目软件调试并解决软件调试时出现的问题;4.项目文档的编制、记录跟进和设计资料归档。岗位要求：1.大专及以上学历，自动化、计算机、软件工程类相关专业，2以上C#开发经验;2.熟悉开发winform程序，精通C#或C++编程，Visual Studio平台;3.熟悉TCP/IP网络协议，熟练掌握RS232/485等数据通讯接口;4.能独立完成自动化设备上位机软件开发;5.有CCD、机器人，控制卡软件集成开发经验着优先录用工作地点：东莞市石龙镇石龙镇健康路中强精英公司石龙镇龙升路2号,深圳市视显光电技术有限公司成立于2006年6月27日，是以研发、定制、批量生产液晶电视逻辑板、4K板、TCON板为主的深圳双高双软企业。公司拥有国内领先的逻辑板软件开发团队并取得了多项软件著作权登记证书，一流的逻辑板硬件研发团队。视显光电在逻辑板领域耕耘多年，通用版领域的市场占有率目前达到90%，视显逻辑板广泛应用于计算机显示器，家电产品，户外显示器等上，适用于国内各大显示屏品牌（AU友达，BOE京东方，CMI奇美，CSOT华星光电，LG等），产品在满足国内市场的同时，广泛出口到欧美、东南亚、韩国、日本等国家和地区。 目前公司正处在一个高速发展期，这是公司的机遇也是我们大家的机遇，同时我们是一个年轻活力的团队，我们欢迎更多有能力的人士加入视显光电这个集体，让我们一起快乐起航！联系我们：公司官网：www.gdsxgd.com公司总部：深圳市南山区科苑路6号科技园工业大厦7楼701室,https://www.zhipin.com/gongsi/48ccb40afcb0f7e61n1629y6FQ~~.html,https://www.zhipin.com/job_detail/16631d030017a6ba1nZz2Nm1EFNY.html,2024-05-15 00:00:51,"[['自动化设备上位机软件设计开发', '产品方案设计', '软件功能分析评估', '系统软件设计方案', '设备上位机软件开发'], ['C#开发经验', 'Winform程序开发', 'C#或C++编程', 'Visual Studio平台'], ['TCP/IP网络协议', 'RS232/485数据通讯接口'], ['自动化设备上位机软件开发'], ['CCD、机器人，控制卡软件集成开发经验']]"
.NET开发工程师，研发工程师,深圳南山区深圳市软件产业基地2C,本科,1-3年,,9-14K,计算机软件,,100-499人,不需要融资,招聘中,全职,"岗位职责：1、基于.net平台B/S系统框架分析、设计开发；2、基于ASP.net的组件开发；3、基于.net的底层服务开发。 职位要求：1、本科及以上学历，计算机相关专业；2、必须两年以上(不含实习)实际编程开发经验；3、2年以上.net实际开发经验，精通C#语言，MVC开发项目；4、熟悉SQL Server数据库，熟练使用SQL语言，掌握存储过程；5、熟悉零售、分销，进销存系统企业管理，开发过类似应用者优先。必须两年以上实际编程开发经验,必须两年以上实际编程开发经验,必须两年以上实际编程开发经验,必须两年以上实际编程开发经验",思迅是国内商业信息化、数字门店、数字餐厅方案供应商与践行者，23年专注零售餐饮信息化创新应用，系统整合了商业大数据、智能设备、生态流量，推出思迅商云计划。用智能技术“新引擎”赋能零售商，以科技服务市场，刷脸支付、自助收银、会员画像、AI互动等技术产品带给消费者全新的购物体验，塑造科技零售美好生活。思迅诞生于深圳科技园，是国内第一批“国家级高新技术企业”和“深圳市重点软件企业”。自1998年推出国内第一个即插即用的商业管理软件“思迅”，至今旗下已拥有知名品牌“思迅”“SIXUN”“美食家”“eShop”“天店”“客至”，产品及解决方案覆盖零售、餐饮及各细分行业。公司里程碑历程：2013年引入战略投资，成为A股上市公司石基信息（股票代码002153）成员企业。2015年推出基于SAAS的云零售云餐饮方案。2016年思迅正式挂牌新三板上市（股票代码838758）。2018年启用新标识、战略投资南京客至软件、与阿里巴巴签署新零售战略合作协议。2021年蚂蚁集团战略入股思迅。思迅官网：http://www.sixun.com.cn。福利：1、【工作时间】周工作五天制，每天7.5小时的高效工作时间。工作生活两不误~2、【薪资福利】月薪+月度绩效的合理薪资水平。当然，年终奖必须有！3、【五险一金】入职即缴纳社保~五险一金 妥妥滴！4、【假期】年假，少不了~法定节假日，必须放啊~这样肯定还不够啊！！工作满三年年假往上加，最最人性化的是多2天春节探亲假，公司够给力吧~~5、【活动】传统佳节活动、礼品统统有~最壕的当属年会，boss的大奖拿到手软~,https://www.zhipin.com/gongsi/d96bd38eb61a339b03R50g~~.html,https://www.zhipin.com/job_detail/9b9973659866e0821nN53dq1E1I~.html,2024-05-15 00:01:14,"[['.net平台B/S系统框架', 'ASP.net组件开发', '.net底层服务开发'], ['C#', 'MVC开发', 'SQL Server数据库', 'SQL语言', '存储过程']]"
.Net/C# 后端开发,深圳南山区深圳湾科技生态园二区9栋B座B1座24楼,大专,3-5年,,15-20K·13薪,生活服务（O2O）,,500-999人,D轮及以上,招聘中,全职,岗位职责：1.接受公司培训，高效吸收公司的业务、技术相关信息；2.根据部门及团队承接的开发需求，完成分配的开发任务；3.跨部门对接，与产品、运营或其他部门交涉，及时调整需求；岗位要求：1.3-5年.Net开发经验；2.基本功扎实，对DDD、OO、IOC、AOP有一定了解，熟悉常用设计模式；3.熟悉 .Net、EF、Redis、MQ；4.对数据库设计/数据库性能调优有一定了解；5.熟练使用Visual Studio、VS code、Postman、Fiddler、Wireshark等工具；6.拥有较强的自学能力以及独立解决问题的能力,"深圳市道旅旅游科技股份有限公司（简称：道旅） 道旅是一家致力于为用户提供优质旅游服务的互联网旅游公司。我们基于IT技术和运营优势，自主研发了Dida订房系统，整合了全球200多个国家和地区、48,000+个城市及目的地， 100万+酒店资源，为全球超过3万+线下旅行社、差旅管理公司和机票代理等旅游同业提供酒店采购预定服务。 自2012年成立以来，道旅在全球范围内建立了13+办公地址，总体人员规模超过550人，海外员工占比达到20%+。我们的不断发展和创新，使得我们成为亚太区B2B酒店分销领域的领先企业。此外，我们还获得了阿里巴巴领投的数亿元投资，为我们未来的发展注入了更多动力。 我们致力于用科技手段链接供应端和需求端，让旅游生意更好做，未来，我们将继续推进技术创新和业务拓展，为用户带来更多惊喜和价值。你可以通过以下几句话了解我们： 我们是亚洲大型的酒店批发商之一（食品批发商批的是食品，我们批的是酒店动态库存）我们平台的单日交易量突破1800万人民币全球有23,000+旅游机构信赖我们广东省500强企业深圳市500强企业2021年逆势斩获阿里巴巴领投的数亿元投资我们有较为国际化的开放职场氛围在道旅，这些统统都可以有：人才住房福利：我们是区里细分行业龙头企业，定期会有人才房名额分配，省下来的房租拿去旅游多香啊生日会：这世上除了你的家人100%不会忘记你的生日，还有我们的行政部同事节日福利：大时大节都有节日礼品带回家，回到家里人人夸年度体检：每年确保会有员工体检，选的都是深圳一线体检机构，健康这件事情我们绝不含糊找到运动组织：羽毛球、篮球……甚至王者荣耀比赛、剧本杀，只要你想，我们就安排，人满就“发车”好玩的年会和密集的大奖：道旅人参加年会就一个宗旨：吃好喝好住好，以及手气好！因为我们的奖品实在太多了……顶配的iPhone、华为手机、笔记本、Air Pods、iPa，以及由我们全球酒店伙伴提供100晚的酒店房券（护照赶紧办起来，这个世界在等着你）职业发展多通道晋升：富有竞争力的薪酬体系，广阔的职业发展空间及晋升通道，同时我们注重培训学习，鼓励个人提升，对个人来说是非常有发展空间。",https://www.zhipin.com/gongsi/1d043cd9c15abcd81ndz3Ns~.html,https://www.zhipin.com/job_detail/6c0e976ce72dd13f1HZ43tm0EFNZ.html,2024-05-15 00:02:44,"[['.Net', 'EF', 'Redis', 'MQ']]"
软件工程师.net,深圳福田区新天世纪商务中心A座2311,大专,1-3年,,9-10K,计算机软件,,20-99人,,招聘中,全职,"岗位职责:1、参与项目的方案讨论、架构设计；2、负责项目的核心功能及关键代码的实现；3、及时响应业务内容的技术需求；4、解决开发过程中的技术难题；5、负责开发文档编写工作；6、负责软件开发技术规范及标准流程的改进；7、根据开发进度和任务分配，完成相应模块软件的设计、开发、编程任务任职要求：1、两年以上ASP.NET（C#）开发经验，具备扎实的.NET Framework知识；2、精通C#,asp.net，EF，MVC，html5，css，jquery；3、熟悉jquery 各类前端控件应用；3、精通SQL语言，SQL Server，熟悉锁、事务以及索引，有大数据量查询优化经验4、能够熟练使用html,css,javascript编写高效的代码，熟悉web优化；5、有较强的责任心、团队协作能力，乐于沟通交流和学习；6、有微信小程序 开发经验者优先",,https://www.zhipin.com/gongsi/df80f489d508d8731HR809i-EQ~~.html,https://www.zhipin.com/job_detail/58a5b9806fc3ac271X1y2N-9FVA~.html,2024-05-15 00:43:23,"[['ASP.NET', 'C#', 'C#', 'asp.net', 'EF', 'MVC', 'html5', 'css', 'jquery'], ['SQL', 'SQL Server', '锁', '事务', '索引', '大数据量查询优化'], ['html', 'css', 'javascript', 'web优化'], ['微信小程序']]"
ASP.net开发工程师,深圳龙岗区深圳市龙岗区箐华幼儿园(西南门)翠山东八8号,学历不限,1-3年,,10-15K,计算机软件,,0-20人,,招聘中,全职,"Erp系统(B/S, C/S)熟悉Aps.net ,EF, SqlServer,WPF技术，前端vue, element plus技术方面有多年老手带。好学习，上进心强。能接受偶尔出差。",专业的ERP MES OA系统公司，操作简单，兼容性好。,https://www.zhipin.com/gongsi/492e6b58c618a99f1XV83dy7E1U~.html,https://www.zhipin.com/job_detail/d2ca1bbce90f00511Xd53d-0E1pS.html,2024-05-15 00:44:10,"[['Erp系统', 'B/S', 'C/S', 'Aps.net', 'EF', 'SqlServer', 'WPF', '前端vue', 'element plus']]"
软件工程师,深圳宝安区鹏鼎控股1,本科,经验不限,,8-13K,通信/网络设备,,10000人以上,已上市,招聘中,全职,一、任职要求：1.本科以上学历，3年以上系统维护及开发经验2.熟悉.软件操作3.熟悉数据库二、岗位职责：1.应用系统、智能系统及软件开发与维护2.新系统测试与导入,"公司介绍 公司成立于1999年4月29日，并于2018年9月18日在深圳证券交易所上市,股票简称“鹏鼎控股”,股票代码002938。 公司主要从事各类印制电路板的设计、研发、制造与销售业务。产品广泛应用于通讯产品、计算机、消费性电子及各类3C电子等产品。 鹏鼎控股的制造基地分布于深圳、秦皇岛、淮安，服务半径覆盖中国大陆、中国香港、中国台湾、日本、韩国、美国及越南等地，可以为全球客户提供高速、高质、低成本及高附加值的PCB设计、开发、制造及销售服务，满足客户「one stop shopping」的需求 公司以“发展科技、造福人类，精进环保、让地球更美好”为使命，多年来致力于与世界一流客户合作，通过运用先进的研发技术，配合高效率、低成本的运营手段，构建出一个体系完善、布局合理的PCB 产供销体系，打造了“效率化、合理化、自动化、无人化”的现代化工厂，成为业内极具影响力的重要厂商之一，在行业享有非常高的知名度。 公司高度重视研究开发工作,在深圳市设有研发中心,公司不断加强产学研合作，截止目前已与包括清华大学深圳研究生院、北京大学深圳研究生院、中山大学、哈尔滨工业大学（深圳）、深圳大学等大陆知名高校以及台湾工业技术研究院、台北科技大学、成功大学、台湾清华大学、中兴大学及中原大学等多所台湾地区知名学府及研究机构进行研发合作，截止目前，公司已获得国内外授权专利数600余件。 根据Prismark 2018年2月最新报告统计的以营收计算的全球PCB企业排名，公司已成为全球第一大PCB企业。",https://www.zhipin.com/gongsi/76551dc7be40d6543nF63Ny4.html,https://www.zhipin.com/job_detail/6e7efd5e35b32cfd1XV93Nq_FFJQ.html,2024-05-14 23:58:11,"[['本科以上学历', '3年以上系统维护及开发经验', '软件操作', '数据库'], ['应用系统', '智能系统', '软件开发与维护', '新系统测试与导入']]"
.NET技术经理,深圳福田区求是大厦,本科,3-5年,,10-20K,计算机软件,,20-99人,A轮,招聘中,全职,负责产品开发中的技术问题，负责研发过程中技术团队的管理，负责项目进度及质量,深圳运捷迅信息系统有限公司诚聘,https://www.zhipin.com/gongsi/259ee64462b15c831nN93dy0.html,https://www.zhipin.com/job_detail/477fe247af516c5c1XZz2dq5ElU~.html,2024-05-14 23:58:34,"[['产品开发', '技术问题', '技术团队管理', '项目进度', '质量']]"
.net开发测试工程师,深圳福田区深圳长城开发科技股份有限公司办公楼,大专,5-10年,,13-20K,计算机软件,,20-99人,已上市,招聘中,全职,1、精通.Net Core、.Net FrameWork和EF Core，能独立进行中大型软件基本功能的设计和开发。2、精通SQL Service数据库等主流数据库及性能调优3、熟练掌握VS2022、VS Code等开发工具4、 有后端测试经验，愿意接受后端测试工作。5、善于沟通和逻辑表达，积极主动的沟通意识，高效的团队协作能力，能够攻克后端开发过程中的关键问题和技术难点，负责后端功能开发6、有制造业相关经验、工业软件开发经验优先7、有Dapr框架开发经验优先8、 上班地点：福田,深圳市云迅通科技股份有限公司，成立于2009年3月，注册资本2300万元人民币，总部位于广东省深圳市龙岗区天安数码城，是 MES 行业“新三板”唯一上市公司（ 股票代码：832575 ），是 国家级高新技术企业，“双软认证”企业，ISO9001 质量体系认证企业，CMMI3 级资质。以智慧制造、智慧建筑、智慧教育、互联网+等为核心业务，包括企业信息化，尤其是制造业MES、SAP ERP、SAP ME/MII、WMS等系统项目实施，智能楼宇项目，数字化校园，工业4.0高校实验室，移动互联网APP等，拥有大量项目实施案例，为客户提供了优质的产品及解决方案。我们的宗旨“智能制造.创造价值”。我们的核心优势：丰富的制造业信息化与自动化项目经验。,https://www.zhipin.com/gongsi/0990cf8ff08f1db61HN52N0~.html,https://www.zhipin.com/job_detail/76e4c13b1ddb43f41HV43ty7ElVX.html,2024-05-14 23:58:57,"[['.Net Core', '.Net FrameWork', 'EF Core'], ['SQL Service数据库'], ['VS2022', 'VS Code'], ['后端测试']]"
.net开发,广州海珠区T28创展中心二楼e03,大专,5-10年,,9-13K,移动互联网,,0-20人,未融资,招聘中,全职,"岗位职责：功能开发(独立解决问题能力)1、负责日常产品迭代开发和维护任职资格：30岁以上优先1、2年以上saas产品开发(多租户)或电商平台工作经验；2、熟练.net core 、EF开发和高并发开发经验。3、熟练Mysql数据库；4、具有较强责任心, 具有团队合作精神, 自学能力强，有创新探索能力；5、需要有前端小程序和vue开发基本经验，有全栈能者优先","蚁鸣团队主要是来自各大互联网和零售公司,且有数十年的产品，运营，研发成功经验 。 作为一家服务于中小实体企业的移动互联网公司，公司专注于企业供应链的成本、效率、增收。我们致力于为“企业转型升级”提供靠谱的工具。公司已有成熟的产品和服务体系；“蚁鸣校服通”是一款智慧供应链SaaS系统，同时满足商家、学校、家长和管理者等不同角色的权益。致力于聚集一帮有教育梦想的同仁，为中小学生成长的优良环境贡献一份力量；同时助力校服企业转型升级；目前已助力数十家校服企业成功转型升级；而且我们还在不停的加速进步中；“店天眼”是集AI技术的一款基于视觉和视觉大数据工具，助力连锁品牌数字化决策、智能化经营；目前已服务国内数十个知品牌；“联营开发”致力打造垂直行业专属的SAAS解决方案专家；目前已与五家在细分领域有影响力的企业战略合作，致力打造细分领域的平台，以便于助力行业蓬勃发展",https://www.zhipin.com/gongsi/b2c1ea666aa8358703Ny3t21.html,https://www.zhipin.com/job_detail/de6cdd32d537817d1nB93N61FFM~.html,2024-05-14 23:20:41,"[['.net core', 'EF', '高并发开发', 'Mysql数据库', '前端小程序', 'vue', '全栈']]"
.NET开发工程师,广州黄埔区联东U谷亿航智能科技园D栋8楼、9楼,本科,在校/应届,,6-9K,计算机软件,,100-499人,不需要融资,招聘中,全职,"岗位职责：根据需求承担需求分析、系统设计、详细设计、编码实现、单元测试等工作。任职要求：1、本科学历，软件工程、计算机科学与技术等相关专业；2、掌握C#编程，.Net Core、异步、多线程等技术，熟悉B/S或C/S体系结构开发；3、掌握SQL Server或MySql等数据库开发，熟悉ORM框架；4、了解HTML,CSS,Javascript,Json,Ajax,XML等Web相关技术；5、具有vue.js、WebGL、H5 Canvas开发能力者优先；6、了解面向对象的设计原则和设计模式，有良好的开发编码习惯；7、工作认真踏实，有责任感和上进心。",广东旭诚科技有限公司是一家环境智能感知与知识服务关键技术研发及应用的创新型高新技术企业，通过传感器、物联网、人工智能、大数据等技术，为客户提供生态环境监测、环境污染综合防治、智慧环保大数据与综合应用等业务的整体解决方案与决策咨询服务。 旭诚科技以新形势下环境保护需求为导向，聚焦环保信息化技术领域，研发高性价比技术和产品满足环保部门和企业需求，为打好蓝天碧水保卫战贡献力量。 旭诚科技众志成城，不断创新，在推动产业发展的同时，强调“诚实守信、共创共享”，弘扬旭诚人的精神——让“天更蓝，水更清，为我们的环境做点事”，为中国环保事业贡献出更多的力量！,https://www.zhipin.com/gongsi/86a196a7508f555d1HR92d27.html,https://www.zhipin.com/job_detail/caf8b47fbdaaedba1XR83ty1FVpT.html,2024-05-14 23:21:26,"[['C#', '.Net Core', '异步', '多线程', 'B/S', 'C/S', 'SQL Server', 'MySql', 'ORM', 'HTML', 'CSS', 'JavaScript', 'Json', 'Ajax', 'XML', 'vue.js', 'WebGL', 'H5 Canvas']]"
.NET初级开发工程师,广州黄埔区广东软件科学园F栋8楼803室、805室,大专,1-3年,,7-12K·13薪,计算机软件,,100-499人,未融资,招聘中,全职,岗位职责：1、根据开发进度和任务分配，完成相应模块软件的设计、开发、编程任务；2、能独立处理和解决所负责的任务；3、负责辅助进行系统的功能定义、程序设计；4、参与相关质量活动，确保软件设计及实现工作按时保质完成。岗位要求：1、大专以上学历， 2年以上开发工作经验，计算机、信息管理或相关专业。2、精通.Net(C#.net、Asp.net、Asp.net Core)、Oracle/SQL Server/MySQL数据库开发技术。3、有零售行业ERP、分销、零售、物流、人力资源、财务系统等开发经历优先。4、具有良好的团队合作、敬业精神。福利待遇：1、五天八小时工作制，周末双休，按国家节假日放假。 2、按国家规定，为员工购买养老、失业、工伤、医疗、生育、医疗保险和住房公积金。 3、公司配有生活区、食堂、运动场所等。 4、员工每年享受带薪年假。5、优秀员工及技术骨干每年给予探亲假。6、每年享有年度旅游、拓展与体检。7、每个季度组织丰富的企业文化活动。8、凡员工有杰出表现或特殊贡献，公司将根据贡献大小，给予相应奖励。9、优雅的办公环境，轻松活泼的公司氛围。,企业总部创于2010年11月，我们坐落于广州萝岗区彩频路11号广东科学软件园，是一家长期致力于鞋品、服装、配件等零售批发行业的ERP管理软件及电子商务平台、商业智能研究与服务的 高新技术（外资）企业。成都分公司作为恒康科技在西南区发展的重要分支，成立于2016年7月，位于四川高新产业发展聚集地—高新区。建立西部研发中心，致力于向广大西南地区企业提供专业ERP系统开发、实施、O2O解决方案、微信营销、电子商务平台等服务。,https://www.zhipin.com/gongsi/c72de61a6f16934c33dy29m-.html,https://www.zhipin.com/job_detail/a801c4bcdf6229401nB939-8GFZV.html,2024-05-14 23:20:18,"[['.Net', 'C#.net', 'Asp.net', 'Asp.net Core', 'Oracle', 'SQL Server', 'MySQL']]"
net开发工程师,广州海珠区北岛创意园B1002（导航地址北岛创意园停车场）,本科,1-3年,,7-10K,计算机软件,,100-499人,未融资,招聘中,全职,"Net中级开发工程师工作职责1.参与需求分析，撰写详细的产品需求/详细设计文档2. 按照产品开发计划，完成产品功能编码开发和测试3.遵循公司开发规范及要求,编写相关技术文档。任职要求1.计算机或相关专业学历，2年以上asp.net开发经验2.熟悉B/S架构。熟练掌握各种开发技术及开源框架，如.net Core/WebApi/MVC/Linq/EF/Dapper等3.有扎实的编程基础，理解OOP、AOP、IOC，熟悉常用的设计模式，有良好的编程习惯4.熟练掌握Mssql /Postgresql//mysql等数据库开发与调优；5.熟练前端开发技术及常见开源组件如Html/CSS/Bootstrap/Jquery/Vue/React/angularjs等;6.具有较强的团队协作精神和责任心，具备良好的学习能力，独立分析问题和解决问题的能力。员工福利： 1、股权激励、高新技术企业内部晋升晋级机会；2、完善的社保政策，社保+公积金；3、周末双休和法定节假日按国家规定放假；4、年终奖和带薪年假；5、面向全体员工的充电培训机会；6、下午茶多多；7、宽敞，舒适的工作环境，配备微波炉，冰箱；8、节日福利、生日福利。9、公司地址指引图片放在公司相册里。",广州澜东科技有限公司，中国具有影响力的供应链协同管理平台服务商。公司官网地址：http://www.doersoft.com/澜东科技致力于提升服饰行业全产业链协同运营水平、推动行业的转型升级发展。公司始创于2004年，是中国服饰行业信息化管理的拓路者。多年来，已经为包括海澜之家、卡宾在内的600多家优秀时尚品牌提供了最“实效”的专业的信息化解决方案及咨询实施服务。2017年，澜东科技在通过对服饰行业全产业链多年的洞察及落地服务实施经验的基础上。在全面升级澜东R9快时尚供应链管理平台系统、澜东PLM产品生命周期管理、达尔ERP企业资源计划管理、澜东PMC生产与物料控制、澜东SCM供应链协同管理体系的基础上，创建“衣链通”服饰行业全产业链集成管理平台，为时尚服饰行业全产业链条提供信息系统化综合服务。澜东科技，在国家大数据建设整体框架之下，站在时尚服饰产业供应链信息化之高点，观行业之澜、定发展之术。帮助时尚服饰行业全产业链转型升级，为中国制造向中国智造的全面过度推波助澜！,https://www.zhipin.com/gongsi/8776d82823ca495e03x739m-GA~~.html,https://www.zhipin.com/job_detail/2026fc682cbf002c1X1839q5F1RU.html,2024-05-14 23:21:03,"[['asp.net', 'B/S架构', 'net Core', 'WebApi', 'MVC', 'Linq', 'EF', 'Dapper', 'Mssql', 'Postgresql', 'mysql', 'Html', 'CSS', 'Bootstrap', 'Jquery', 'Vue', 'React', 'angularjs']]"
.NET开发工程师（高并发高可用）,广州天河区广州信息港方特,本科,3-5年,,18-35K,文化艺术/娱乐,,10000人以上,未融资,招聘中,全职,【关于企业】企业现有一万四千人左右，两大业务线：全国共计30+家方特乐园+熊出没等IP；双休5天8小时工作制，全额社保公积金。【关于团队】本团队主要做内部综合办公系统，B/S为主。产品用户量较大、功能模块较多，需要考虑高并发高可用。【关于岗位】 base深圳 base深圳 base深圳岗位职责：1、负责系统架构设计、系统底层设计，对现有系统缺陷提出优化方案；2、负责系统关键功能开发及维护，保障系统的正常运行；3、指导团队开发成员完成开发工作，解决开发过程遇到的难题；4、参与项目的代码质量管理和控制，保证项目的高质量。任职要求：1、统招本科及以上学历（必备），计算机相关专业，3年及以上软件开发经验；2、有高并发高可有用实战经验，熟悉EF Core、 .Net Core、ABP、Redis、RabbitMQ；3、精通数据库设计/数据库性能调优，熟练运用ElasticSearch、MongoDb等；4、掌握微服务架构设计思想，熟悉微服务与容器技术的应用；5、基本功扎实，对DDD、OO、IOC、AOP等有深刻认识，熟悉常用设计模式。,"华强方特集团，秉承“让世界更欢乐”的企业使命，在国内率先提出并深入实施“文化+科技+旅游”发展战略，以文化为核心、科技为支撑、旅游为载体，根植中国文化沃土，激发创造创新活力，打造了主题乐园、动漫产品、特种电影等众多独具中国文化魅力的文化精品，引领中国文旅行业发展。华强方特文化科技集团股份有限公司是国内知名的大型文化科技集团，下辖70多家专业公司。华强方特坚持实施文化与科技融合战略，打造""创、研、产、销""一体化的文化科技产业链，探索出了一条文化科技产业规模化、多元化、国际化的发展新路，业务分为文化内容产品及服务和文化科技主题乐园两大类，其中文化内容产品及服务包括特种电影、动漫产品、主题演艺、文化衍生品，形成了优势互补的全产业链，已在国内国际市场上建立强势的中国文化科技品牌。",https://www.zhipin.com/gongsi/90a224d77c8fe9301nN80tm0Fg~~.html,https://www.zhipin.com/job_detail/08730d5733256ce51HF52dm7GVdV.html,2024-05-14 23:22:11,"[['EF Core', '.Net Core', 'ABP', 'Redis', 'RabbitMQ', 'ElasticSearch', 'MongoDb', '微服务架构', 'DDD', 'OO', 'IOC', 'AOP']]"
高级.net开发工程师/专家,深圳南山区香江金融中心23A10,本科,5-10年,,20-40K,游戏,,100-499人,不需要融资,招聘中,全职,"【岗位职责】1、负责服务器端系统设计和开发；2、与产品、运营人员配合，讨论设计文档，规避设计漏洞，完成逻辑实现；3、确保系统开发时间和质量，保证项目开发周期可控；4、具有良好的表达能力及沟通能力，有良好的团队合作精神，努力好学有上进心。【岗位要求】1、计算机相关专业本科及以上学历；.net开发5年以上，熟悉.net core开发，有.net5/6实际开发经验优先；2、熟悉 Linux、Windows 开发及编译环境；mysql/postgresql等，能够熟练使用 SQL 语句及性能优化；3、熟悉微服务架构，有实际项目开发和部署经验；4、熟悉容器docker，kubernetes, 有实际项目部署经验；5、棋牌游戏经验优先、有完整上线的手游后端开发设计经验。【加分项】1、有php开发经验优先；2、有前端网页node/vue等开发经验优先；3、有tcp/ip开发经验优先；4、有go开发经验优先。",你好，这里是盛趣人工智能！我们专注于全球移动互联网增长业务，涵盖海外游戏、AI产品、金融类产品的研发和海外游戏发行。深圳盛趣人工智能科技公司成立于2023年4月份，深圳团队规模目前100+，是一个快速发展的创业型公司。主要成员来自于腾讯、博雅等知名游戏公司。公司在成都、香港、新加坡、日本等地区均有成立独立办公室，全球员工1000+，各办公室彼此业务独立，非集团式运营，自行一体。,https://www.zhipin.com/gongsi/8d794e243e358a8c1HV93d20FVo~.html,https://www.zhipin.com/job_detail/2150395f24e901951HB429u8FltY.html,2024-05-15 00:20:34,"[['.net', '.net core', 'net5', 'net6', 'Linux', 'Windows', 'mysql', 'postgresql', 'SQL', '性能优化', '微服务架构', 'docker', 'kubernetes', '棋牌游戏', '手游后端开发设计'], ['php', 'node', 'vue', 'tcp/ip', 'go']]"
后端开发工程师,深圳福田区中电迪富大厦10楼,本科,1-3年,,12-16K·13薪,新能源,,20-99人,未融资,招聘中,全职,"岗位职责：1. 负责完成产品/项目的软件需求文档编制、代码编写和功能测试工作；2. 负责维护产品/项目在使用过程中出现的问题；3. 负责给客户提供操作培训、实施；4. 负责整理归档设计资料。任职要求：1、24-28岁以内，本科以上学历计算机相关专业，2年以上工作经验，具有能源数字物联网平台相关模块的开发经验优先考虑；2、精通.NetCore , ASP.NET Core，net8开发，精通CS与BS架构开发；3. 熟悉多线程、异步编程等技术4、熟悉Linux环境下.net core运行的相关配置;5、熟悉Vue框架，了解Restful Api接口规范；6、至少精通一种数据库操作，例如SQL Server、Mysql；熟悉ORM,SqlSugar技术；具有TDengine数据经验优先考虑。7、英语四级以上；8、善于沟通和思考，富有责任心，拥有良好的团队合作精神。",新环能科技有限公司成立于2011年，注册资金2000万人民币，是一家集LED照明、光伏照明、电机系统等节能产品和技术生产研发、能源管理、节能方案设计、节能评估、项目投资、工程实施、运营管理于一体的低碳环保科技型企业。主要业务范围及服务领域包括能源监控管理系统、照明系统、电机系统、中央空调系统节能技术改造，节能技术研发，低碳节能项目投融资服务等。公司依托核心专利LED照明产品、电机节能产品、光伏照明技术，利用先进的EMC、EMT、EH、BT等模式，凭借专业团队优势，结合雄厚资金实力，致力于低碳节能技术的研发和节能行业先进技术推广运用，为客户提供稳定高效的综合性的能效管理解决方案。,https://www.zhipin.com/gongsi/e961e133679c50cd1nV70tS7FlE~.html,https://www.zhipin.com/job_detail/1fe8aa17cb089c951X193NS8GVFZ.html,2024-05-15 00:20:56,"[['.NetCore', 'ASP.NET Core', 'net8', 'CS架构', 'BS架构', '多线程', '异步编程', 'Linux', 'Vue框架', 'Restful Api', 'SQL Server', 'Mysql', 'ORM', 'SqlSugar', 'TDengine']]"
ASP.net开发工程师,深圳龙岗区正中时代广场B座15楼1509,大专,1-3年,,10-15K,计算机软件,,0-20人,未融资,招聘中,全职,职位描述：1、负责公司产品服务端研发；2、负责公司产品功能迭代及项目跟进；3、负责公司产品项目优化升级。职位要求：1、两年以上C#、ASP.NET MVC / ASP.NET Core MVC 工作经验；2、参与过两个以上中大型Web项目开发者优先；3、精通.Net MVC框架、熟练掌握Asp.NET MVC、Web API、Entity Framework、Linq等相关技术；4、熟练掌握Html、JavaScript/JQuery、Css；5、熟练使用MSSQL/MySQL数据库，能编写高效的SQL语句；6、思维敏捷，逻辑严谨，工作负责，有较强的学习能力和进取心，能够快速的适应团队，并独立担当部分业务的研发任务。工作时间：大小周，（早上8:30-12:00，下午14:00-18:00），法定节假日按国家规定放假。,,https://www.zhipin.com/gongsi/bb9f14bdb48828e91XRz29-0E1A~.html,https://www.zhipin.com/job_detail/8dfa83e7b76aca5a1XZ62di0FFJZ.html,2024-05-15 00:21:19,"[['C#', 'ASP.NET MVC', 'ASP.NET Core MVC', 'Web API', 'Entity Framework', 'Linq', 'Html', 'JavaScript', 'JQuery', 'Css', 'MSSQL', 'MySQL']]"
.NET,深圳高新奇,本科,1-3年,,12-15K,互联网金融,,20-99人,不需要融资,招聘中,全职,熟练编程.net语言，熟悉前端html+css. 对接安卓iOS微信平台 开发维护。要求勤奋熟练，有学习能力，钻研能力，不断提高技术水平，能适应有挑战的工作！有责任心，熟练使用ORACLE数据库！,关于聚宝盆“传递理财智慧，践证财富成长”。在急速发展的互联网时代，借力互联网服务于不同时间，空间，任意连接人与机构，人与自然的优势，聚宝盆互联网金融服务平台始创于2015年6月，由专业的金融服务和财富管理专家精英团队组成，致力于成为国内领先的移动互联网综合金融服务平台。秉诚财富管理的资产配置理论，为所有的客户提供多元化的金融服务，坚持安全，稳健，专业，独立，客观，创新的经营理念，让您的财富持续增值，最终实现财务自由，尊享品质生活！聚宝盆的优势凭借丰富的线下金融服务经验，聚宝盆在模式、产品、技术上持续创新，建立数据化、系统化、本土化的风控管控体系，提供多元化，全方位，高效率、低成本的投融资金融服务。在理财精品，消费金融，供应链金融，异业结盟，国际投资指导等领域的模式及金融产品服务创新，真正实现了分散投资的资产配置理论基础，为投资人的财富增长保驾护航！聚宝盆使命聚宝盆互联网金融平台为所有用户提供科学的财富管理综合服务，体现为用户的利益最大，投资风险最低，真正通过科学的理财规划实现每位客户“财务自由”的愿景。晚年的幸福才是真正的幸福！,https://www.zhipin.com/gongsi/8ed3b26aca11bfeb1Xd63dg~.html,https://www.zhipin.com/job_detail/4e270b503bc7943e0nBz0ti-FQ~~.html,2024-05-15 00:21:42,"[['.NET', 'HTML', 'CSS', 'Android', 'iOS', '微信平台', 'ORACLE数据库']]"
.net C#开发,深圳龙岗区深圳世纪慧信息科技有限公司2栋401,本科,3-5年,,13-16K,计算机软件,,20-99人,,招聘中,全职,winform .Web开发，MVC架构,,https://www.zhipin.com/gongsi/5c1f1f0a2c4e860d1XZ60ti_ElA~.html,https://www.zhipin.com/job_detail/a422c000ccacda901Hd439W1EltV.html,2024-05-15 00:22:49,"[['winform', '.NET', 'Web开发', 'MVC架构']]"
Net Core 软件工程师,深圳南山区留学生创业大厦1604,大专,3-5年,,8-10K·13薪,其他生活服务,,20-99人,,招聘中,全职,1、负责公司产品的软件开发设计及编码实现；2、参与公司产品的软件维护及版本升级迭代开发；3、协助测试工程师完成产品模块测试工作；4、具有一定的设计和需求分析能力，能够独立完成软件开发工作；5、良好的代码设计能力和文档规范；6、编写和维护开发文档,,https://www.zhipin.com/gongsi/67319979876905ad3nVz2tW6Fg~~.html,https://www.zhipin.com/job_detail/29dabe0be54114231nJ53966FlJS.html,2024-05-14 23:52:36,"[['软件开发设计', '编码实现', '软件维护', '版本升级迭代开发', '产品模块测试', '设计和需求分析', '独立完成软件开发', '代码设计', '文档规范', '开发文档编写', '开发文档维护']]"
.net开发工程师,深圳南山区华强方特文化科技集团1-15楼,本科,3-5年,,16-30K,文化艺术/娱乐,,10000人以上,未融资,招聘中,全职,【关于企业】企业现有一万四千人左右，两大业务线：全国共计30+家方特乐园+熊出没等IP；双休5天8小时工作制，全额社保公积金。【关于团队】本团队主要做内部综合办公系统，B/S为主。产品用户量较大、功能模块较多，需要考虑高并发高可用。【关于岗位】 base深圳 base深圳 base深圳岗位职责：1、负责系统架构设计、系统底层设计，对现有系统缺陷提出优化方案；2、负责系统关键功能开发及维护，保障系统的正常运行；3、指导团队开发成员完成开发工作，解决开发过程遇到的难题；4、参与项目的代码质量管理和控制，保证项目的高质量。任职要求：1、统招本科及以上学历（必备），计算机相关专业，3年及以上软件开发经验；2、有高并发高可有用实战经验，熟悉EF Core、 .Net Core、ABP、Redis、RabbitMQ；3、精通数据库设计/数据库性能调优，熟练运用ElasticSearch、MongoDb等；4、掌握微服务架构设计思想，熟悉微服务与容器技术的应用；5、基本功扎实，对DDD、OO、IOC、AOP等有深刻认识，熟悉常用设计模式。,"华强方特集团，秉承“让世界更欢乐”的企业使命，在国内率先提出并深入实施“文化+科技+旅游”发展战略，以文化为核心、科技为支撑、旅游为载体，根植中国文化沃土，激发创造创新活力，打造了主题乐园、动漫产品、特种电影等众多独具中国文化魅力的文化精品，引领中国文旅行业发展。华强方特文化科技集团股份有限公司是国内知名的大型文化科技集团，下辖70多家专业公司。华强方特坚持实施文化与科技融合战略，打造""创、研、产、销""一体化的文化科技产业链，探索出了一条文化科技产业规模化、多元化、国际化的发展新路，业务分为文化内容产品及服务和文化科技主题乐园两大类，其中文化内容产品及服务包括特种电影、动漫产品、主题演艺、文化衍生品，形成了优势互补的全产业链，已在国内国际市场上建立强势的中国文化科技品牌。",https://www.zhipin.com/gongsi/90a224d77c8fe9301nN80tm0Fg~~.html,https://www.zhipin.com/job_detail/abc5b601528d9e2d1HF-3N-1ElJV.html,2024-05-14 23:52:58,"[['EF Core', '.Net Core', 'ABP', 'Redis', 'RabbitMQ', 'ElasticSearch', 'MongoDb', '微服务架构', 'DDD', 'OO', 'IOC', 'AOP']]"
.NET,深圳宝安区宝安中心医院,本科,3-5年,,11-20K,医疗服务,,1000-9999人,,招聘中,全职,1、精通ORACLE、SQL SERVER、MYSQL、Intersys Cache等其中一种数据库系统。2、具有WEB开发和WIN32程序开发经验，能独立完成小型项目开发。3、对计算机及程序设计具有浓厚的兴趣爱好。4、能承受工作压力和具有团队合作精神。,,https://www.zhipin.com/gongsi/4fca214f38e04cbf0nJ_39W6FQ~~.html,https://www.zhipin.com/job_detail/93f4b696e0c2bb810nF73Nq0GVQ~.html,2024-05-14 23:53:21,"[['ORACLE', 'SQL SERVER', 'MYSQL', 'Intersys Cache'], ['WEB开发', 'WIN32程序开发']]"
.Net Core 开发工程师,深圳宝安区航亚跨境电商服务(深圳)有限公司310,大专,经验不限,,5-8K·13薪,电子商务,,20-99人,天使轮,招聘中,全职,工作内容：1、参与电商ERP系统后端开发任务；2、参加项目需求评审，完成模块开发工作；3、对完成的任务进行自测，负责维护修改bug。岗位要求：1、大专以上学历，计算机或软件工程相关专业；2、拥有.Net Core经验，并有完成项目开发经验；3、熟悉C#编程语言、.Net Core框架；4、熟悉MySQL和数据库设计，熟练运用Redis；5、熟悉Linux基本操作，熟悉Nginx理论及运用；6、熟悉Git代码管理工具；7、英语阅读能力优秀者优先。,"深圳市昌海电子商务有限公司是公司成立于创业之城深圳，自主研发“跨境电商+供应链整合模式”，专注东南亚电商平台。现依托于 Shopee、Lazada 等东南亚跨境电商平台，下设自主品牌“集鸿供应链”""航亚跨境""，涵盖国内外仓储物流。公司目前有跨境平台开发服务、店铺运营服务、国际货运代理服务、海外仓供应链服务、运营培训服务、店铺智能化管理系统及仓储ERP软件开发等七大板块。以深圳总部为中心，先后设立广州分公司、湖南常德分公司、河南郑州分公司、湖北武汉分公司、福建福州分公司，辐射国内商家，孵化国货品牌出海；依托集鸿供应链，于2020年5月开始，先后设立泰国曼谷海外仓、菲律宾马尼拉海外仓、马来吉隆坡海外仓、越南胡志明海外仓、台湾仓，服务国内大小商家上千家，日处理订单量超过万单。",https://www.zhipin.com/gongsi/369625394cd60d540XV62t6_Ew~~.html,https://www.zhipin.com/job_detail/623f0b1d4fa018741nB-2tW4ElVT.html,2024-05-14 23:53:44,"[['.Net Core', 'C#', 'MySQL', 'Redis', 'Linux', 'Nginx', 'Git']]"
金蝶ERP二次开发工程师,深圳龙岗区大运软件小镇龙岗大运软件小镇47栋205,大专,5-10年,,16-22K·13薪,大数据,,100-499人,C轮,招聘中,全职,【职位情况】本次招聘的岗位情况：1、铧佗医学参与投资的高新项目，——“红旗颂”助力乡村振兴项目。2、该项目主要种植中草药和安全养生食材的生产，开发适合农业生产的ERP系统，实现订植、订种和订养的农业生产平台化管理。3、农业ERP开发内容包括：（1）中草药种植安全节点溯源；（2）开发ERP与农业大数据交互中心API，实现农业生产的上中下游全智能化管理。（3）ERP手机端，包括H5与与ERP对接和APP与ERP对接。（4）利用云星空BOS，订制生产报表、图表数据接入等。（5）ERP与其它系统业务对接。【岗位职责】1、负责金蝶云星空ERP系统的二次开发。2、负责ERP系统与前端图表的对接开发。3、负责金蝶云星空ERP系统与大数据平台的对接开发。4、其它项目开发工作。【职位要求】请注意：本岗位必须有过3年以上金蝶云星空的开发经历，不符合者请勿投。1、要求大专以上学历，计算机相关专业。2、熟悉.NET开发语言，***必须从事过金蝶ERP系统的开发，能完成整体业务流程的导入和实施工作。3、熟悉金蝶ERP之BOS开发平台、熟悉数据库表结构，具备BOS二次开发能力，能进行ERP报表、数据库接入、字段更改等开发，能对ERP后台全方位进行配置。4、熟悉SQL Server 、MySQL数据库的开发与应用。5、能够独立设计数据库，实现ERP与跨系统的数据交互开发。6、熟悉移动应用，能够指导、配合前端开发。,铧佗医学科技（深圳）集团有限公司，主要从事医院、中医诊所、养生馆、康养基地、药源食材种植、中医药材和医联体的投资管理。在医药研究、临床医学应用基础上，利用物联网、人工智能和大数据技术，形成集“基础体检”、“远程诊断”、“数字医学”、“康养修心”一体的医疗大数据。在医疗产业链中，力求将传统医学与现代技术形成有效结合体，打造中西合璧、秉持“中西结合”的新医疗技术体系。公司主要业务包括：医疗机构投资管理、社区体检、家庭签约医生、基因检测技术、医疗大数据、远程医学诊疗、数字医学研究、健康预警与健康管理、药源食材开发、中药材种植、中医药加工和数字农业开发等方面。“红旗颂”农业，是铧佗医学旗下的数字农业板块。主要业务包括：土地基础数据管理、土地集约管理、土囊改良、药源食材种植、药源饲料加工、药源食物链订植订养、大宗药源食材交易和药源食材终端体验等。红旗颂数智产业大数据，是铧佗医学的战略合作项目，从事智慧产业和智慧供应链项目。铧佗医学-由世界上最大的OTC股票证券交易市场——美国OTC市场上市的投资商Sante Technology Holdings Inc.(胜特科控 股票代码: SNTE)投资控股。其他在美国OTC股票市场的上市的知名公司有喜力啤酒(HINKF)、罗氏制药(RHHBY)、雀巢咖啡(NSRGF)、阿迪达斯(ADDYY)、巴黎银行(BNPQF)、日本软银(SFTBF)和腾讯(TCEHY)等。OTC股票网址：www.otcmarkets.com铧佗医学 为客户提供现代医疗服务！服务领域包括:社区体检 家庭医生基因检测 医疗大数据远程诊疗 数字医学电子档案 AI诊方健康预警 健康指导中医理疗 食材订制(数字农业),https://www.zhipin.com/gongsi/a92c0a66dd421d341nB529m6FFs~.html,https://www.zhipin.com/job_detail/d7e59bb0e53e438f1XFy3dy5F1dX.html,2024-05-14 23:54:07,"[['中草药种植安全节点溯源', 'ERP系统二次开发', 'ERP与前端图表对接', 'ERP与大数据平台对接', '云星空BOS', '生产报表、图表数据接入', 'ERP与其他系统业务对接'], ['金蝶云星空ERP系统二次开发', 'ERP系统与前端图表对接开发', '金蝶云星空ERP系统与大数据平台对接开发', '移动应用开发']]"
高级软件工程师,深圳龙华区共和和丰大厦B栋2105,本科,3-5年,,15-22K,印刷/包装/造纸,,20-99人,,招聘中,全职,1、精通C#开发，3年以上开发经验，能独立完成项目开发。自带系统框架，界面美观漂亮。有CS架构开发经验。2、熟练使用SQL Server2008 数据库，熟练使用SQL语句及存储过程的编写。3、全日制本科及以上学历。4、品行端正，热爱工作，能吃苦。5、身体健康，能出差。6、有RFID或MES项目开发经验优先7、兼职也可考虑。,,https://www.zhipin.com/gongsi/9c84fe9f2e4a5be51nZ-2di7E1s~.html,https://www.zhipin.com/job_detail/72e220e34c24c95e1nF509W1E1pX.html,2024-05-15 00:01:59,"[['C#', 'CS架构', 'SQL Server2008', 'SQL语句', '存储过程', 'RFID', 'MES项目开发']]"
WMS开发主管,深圳劢微机器人科技(深圳)有限公司601,本科,3-5年,,15-25K,智能硬件,,100-499人,B轮,招聘中,全职,岗位职责1、负责.Net编程工作，能独立完成单独模块的设计、编码和测试工作；2、完成所负责模块的功能设计、开发、测试过程，独立处理与解决所负责的任务；3、根据项目的需求进行系统设计，完成设计到开发工作，并进行后续的文档和记录；4、协助推进项目，完成客户需求，推进验收；5、负责将WMS/WCS 与客户其他系统/设备进行集成，满足客户业务需求。6、完成上级领导安排的其他任务。任职要求：1、计算机相关专业本科、3年以上工作经验（含2年以上WMS/WCS开发工作经验），有物流行业经验者优先；2、熟悉自动化设备、仓库设备或者了解WMS/WCS/ERP/MES等系统业务的优先；3、熟悉.Net Core平台开发，熟悉前后端分离开发模式；4、熟悉Mysql、SqlServer数据库，有数据库调优经验者优先；5、熟悉软件开发流程，需求分析能力强，文档编写水平强。6、有良好的编码习惯，较好的学习沟通能力，喜欢挑战，能承受一定的工作压力，适应短期出差。,劢微机器人专注于先进的机器人与人工智能技术，为客户提供完整的智能制造及智慧物流解决方案。硬件产品包括：各类型无人叉车、AMR、无人牵引车及仓储机器人；软件系统包括：劢微云、WMS、WCS、现场管理系统及多种视觉解决方案。劢微机器人具备从底层传感器到核心算法，再到上层软件系统的全自主开发能力。劢微机器人已在工厂、仓储、物流等领域交付了大量标杆项目，成为各行业客户信赖的合作伙伴。,https://www.zhipin.com/gongsi/1cc2518ab8b48d8603d52Ny_GQ~~.html,https://www.zhipin.com/job_detail/f6fe4b453c3011971HRy3ty1FFVU.html,2024-05-15 00:02:21,"[['.Net编程', '模块设计', '编码', '测试', '功能设计', '开发', '测试', '系统设计', '文档记录', '项目推进', '客户需求', '集成', 'WMS/WCS', '自动化设备', '仓库设备', 'ERP', 'MES', '数据库调优', '软件开发流程', '需求分析', '文档编写', '编码习惯', '学习沟通能力', '工作压力', '短期出差']]"
高级软件开发工程师,深圳龙岗区赛格ECO中心6号楼602,本科,3-5年,,18-24K·13薪,互联网,,0-20人,未融资,招聘中,全职,精通.net，熟悉java，php精通数据库，熟悉redis，消息队列本职位负责公司主营产品的开发，升级，欢迎乐于提升自己，挑战自己，自我管理和目标管理为主本职位提供具有竞争力的薪资，并提供挑战、提升自己的机会，是你技能、职级和经验升级的绝佳机会欢迎线上沟通或现场沟通,公司简介深圳市商舟网科技有限公司地处福田，是一个技术创新型企业。旗下主营产品舟大师是业内知名产品，在国内拥有数十万用户，数百家合作伙伴，其中不乏上市公司和国内龙头企业。作为国内领先的中小企业网络营销产品供应商，商舟网力图重塑网络推广行业，并在资本的支持下一路高歌猛进。商舟网，18年的技术沉淀，这是一个有故事的科技公司；坚定的宏伟目标，这是一个有方向的网络公司；奔跑的年轻团队，这是一个有理想的创业公司；加入商舟网，心动的理由我们给你！1、模式已经基本验证，安然渡过了烧钱期，已经开始盈利的创业企业；2、行业内具有竞争力的薪酬；3、社险，带薪年假、法定假日样样不缺；4、创业公司独有的稀缺职业发展机会；5、便捷的交通，人性的考勤；6、无限的想象空间。当然，除了这些能看的到的收获，你还有精神层面的收获：真诚热情的小伙伴们的友谊；贴心，温暖的leader关怀；我们有各种健身活动团建，能给你一个健康的身体；我们需要新伙伴一起开启新征程，愿您的加入为我们注入新的活力，我们将为您提供广阔的发展空间。你可以西装革履，也可以清新潇洒，但勤奋、敢于担当、勇于挑战必须是你品格的一部分；你可以朋克嘻哈，也可以安静典雅，但乐观、抗压能力、坚持不懈必须在你的骨子里存在；你可以童言无忌，也可以腹黑闷骚，但绝对的自信和交际能力从来都不是多余的物件儿；无论你是，思维发达的脑补专家，不折腾会死的活跃分子，一亮相便弄瞎人眼的queen，如白开水般干净的文艺小青年，只要你敢卖萌，我们就敢接收。如果暂时不具备以上任何一条，但是认为自己潜力巨大，非常热爱互联网，在历经磨练后还能笑看人生，希望和商舟网一起进步、成长的，你就赶紧行动起来，让简历飞起来！！！公司地址：深圳市龙岗区吉华街道三联社区赛格新城5号楼406-1公交站台：翠隆花园100米 地铁：环中线 上水径站C出口 900米公司邮箱： *****公司网址：http://www.sumszw.com,https://www.zhipin.com/gongsi/09455ff1495d69e303190ti-.html,https://www.zhipin.com/job_detail/d4718f319bbe782f1XV62Nq-GFZX.html,2024-05-14 23:49:32,"[['.net', 'java', 'php', '数据库', 'redis', '消息队列']]"
高级NET开发工程师,深圳龙岗区大运软件小镇10栋3楼,大专,3-5年,,15-20K,计算机软件,,100-499人,未融资,招聘中,全职,"技能要求：WINFORM，C#/.NET岗位职责:1、参与系统平台和项目的设计、开发、维护和管理；2、制定开发计划，独立完成模块级的设计及规划,负责核心及模块源代码的编写。3. 分析、优化系统架构，提高系统的性能与并发能力，为用户提供更好的体验。4. 解决在开发过程中出现的一些技术难题，参与技术选型。任职资格:1、5年以上.Net开发工作经验2、对.Net技术有深入研究，熟练掌握core2.0, Framework等技术及主流开发框架，能遵循良好的编程规范；3、熟悉B/S，C/S模式的软件开发；4、熟悉MySql / SQL Server数据库；5、具有较强的面向对象的分析、设计、开发能力，熟悉多种设计模式；6、热爱技术，追求卓越，有良好的自学能力，对新技术有钻研精神；7、良好的职业素质、团队合作精神和团队沟通能力；8、执行力强，有很好的适应能力和解决问题的能力。","深圳市艾磊创兴科技有限公司成立2002 年,专注专业为玻璃行业提供国内外产品认证及检测服务(含特种玻璃认证及检测)、玻璃智慧工厂 ERP 管理系统建设服务、找玻网全产业链服务平台,自成立以来一直专注于玻璃行业,十七年行业的经验积累和创新,完善了一套为玻璃加工行业提供“一体化”的管理解决方案, 业务范围遍布北京、广东、广西、江西、福建、上海、浙江、海南等省市,客户和会员达到 800 多家,服务 项目受到业界广泛的支持和高度的评价! 福利待遇1、公司执行大小周，每天7.5小时工作制；2、享受国家法定节假日；3、员工享有带薪假（婚假/产假/丧假），病假享有补贴；4、考核标准灵活的薪酬激励制度；5、员工晋升通道；6、为员工购买医疗保险、养老保险、工伤保险、失业保险及生育保险；7、园区内有后山攀爬、配餐中心，咖啡厅、健身房、免费停车场等等完善的环境设施；公司内部提供茶水间冰箱和微波炉，消毒柜等等餐室；8、全新办公楼，环境优美，交通便捷，靠近大运地铁站、公交站台100米即到。联系方式：*****公司网址：www.sz-alion.com投递邮箱：*****联系方式：*****（李小姐）工作地点：深圳市龙岗区龙岗大道8288号大运软件小镇10栋3楼交 通：地铁龙岗三号线大运站A、B出口即到；乘坐366路、351路、651路、812路、905路、923路、E23路、M266路等公交车到大运地铁站（公交站）即到",https://www.zhipin.com/gongsi/c8a03f17fdd014a11nR809m_Fw~~.html,https://www.zhipin.com/job_detail/f29bfee40279a3430nJ409S_E1I~.html,2024-05-14 23:49:55,"[['WINFORM', 'C#', '.NET', 'core2.0', 'Framework', 'B/S', 'C/S', 'MySql', 'SQL Server', '面向对象', '设计模式']]"
Android开发工程师,深圳南山区深圳市凯迪仕智能科技有限公司9楼,本科,1-3年,,10-15K,智能硬件,,1000-9999人,C轮,招聘中,全职,1.配合产品经理完成研发项目的需求调研、需求分析。 2.负责Android平台客户端、Android/平板 应用程序的开发和维护。 3.完成研发部门的新技术储备，进行相关行业前沿技术的研究和跟踪。 4.作为主要开发人员，完整参与Android平台成功上线项目的研发。 5.开发微信小程序 6.能根据项目实际情况，合理利用技术与开发语言，制定出符合当前项目情况的开发环境。 7.有较强的程序调试能力，分析处理异常bug。 8.输出开发技术文档9.App上架10.提高应用程序的可维护性。,深圳市凯迪仕智能科技股份有限公司(简称Kaadas凯迪仕)，专注于智能锁领域，是一家集产品研发、制造、销售、安装、售后于一体的全产业链公司，是国家高新技术企业，总部位于中国深圳，以服务全球每一个家庭作为愿景，坚持以科技的点滴进步，让人们的生活更美好，以安全、便捷、智能的产品，为万千家庭带来高品质生活体验，让科技的光芒温暖每一个人的内心。 目前凯迪仕有2600多名员工，上万家全球终端网点，销售规模位居全球前列。,https://www.zhipin.com/gongsi/11d851016d01abc21HB53d69Fg~~.html,https://www.zhipin.com/job_detail/c0c6fdcb3cc2e8611nJ72d6-GFNX.html,2024-05-14 23:50:18,"[['Android平台客户端开发', 'Android/平板应用程序开发', '需求调研', '需求分析', '新技术储备', '行业前沿技术研究', '微信小程序开发', '程序调试', '异常bug处理', '开发技术文档输出', 'App上架', '应用程序可维护性提高']]"
.NET,深圳宝安区南科创·银谷306,大专,3-5年,,10-11K,互联网,,0-20人,,招聘中,全职,1.医疗软件开发。 2.工作认真，有责任心。,,https://www.zhipin.com/gongsi/440fe6a7d2235b991nN73tq1EVE~.html,https://www.zhipin.com/job_detail/34a0ca2c06cffb461nFz0ty6FVRV.html,2024-05-15 01:13:06,[['医疗软件开发']]
c语言.net软件开发工程师,深圳龙岗区华南城一号馆一楼1E044,大专,经验不限,,3-4K,广告营销,,0-20人,未融资,招聘中,全职,公司近期新出一个项目，需要开发一款pc软件，主要功能需要在.net环境下使用c语言，或者vb来实现模拟鼠标点击键盘的输入真实点击等自动化操作，以及各项pc上面等操作。要求1）有相关c开发能力项目经理或练习，2）能实现上诉基本要求。学历经验不限。,我们是一家电商服务公司，主要业务为电商设计，网站开发运营，电商运营工具开发。,https://www.zhipin.com/gongsi/9dd0d58f7c1d58141nV6296-EQ~~.html,https://www.zhipin.com/job_detail/628a59b77a9be8211nx809y_FVBS.html,2024-05-15 01:13:29,"[['C语言', 'VB', '.NET', '鼠标点击', '键盘输入', '自动化操作']]"
高级ASP.NET开发工程师,深圳南山区海岸大厦(东座)604,本科,5-10年,,18-25K·13薪,计算机软件,,0-20人,不需要融资,招聘中,全职,"公司及工作内容介绍： 我们是一家外资性质的公司，自研产品。开发具有智能特色的美容行业店务管理软件，如在软件系统上添加人脸识别，智能仪器等形成一个美业行业的综合解决方案。 公司网页：https://axxzia.co.jp （注：公司非外包，非996；周末双休制；因为总有人问这个问题，在此备注）任职资格：1、全日制本科学历，3年以上Asp.NET相关开发经验, 深入理解.NET MVC架构；熟悉C#编程，熟悉.NET Framework框架。2、熟悉JavaScript及开源JS库jQuery,熟悉HTML、Ajax相关技术；接触过MVVM框架，会VUE、React，Angularjs可加分。3、了解大型系统的部署，发布，故障处理等流程。了解docker容器技术，有实际生产使用经验可优先。精通常用开源服务如Nginx等。4、熟悉常用的数据库，如MS SQL, oracle、mysql、mongodb、redis等。有复杂Sql语句编写与优化经验，有大数据量、高并发访问处理可加分",公司隶属日本AXXZIA 总部位于东京新宿2017年在深圳组建分公司希望借助国内先进的IT技术，开发美容行业的互联网产品,https://www.zhipin.com/gongsi/79b56ca7820212131nd73t-_Fw~~.html,https://www.zhipin.com/job_detail/af3b869a114224e703dy2ty-E1Y~.html,2024-05-15 01:14:37,"[['Asp.NET', 'C#', '.NET MVC', 'JavaScript', 'jQuery', 'HTML', 'Ajax', 'MVVM', 'VUE', 'React', 'Angularjs', 'docker', 'Nginx', 'MS SQL', 'oracle', 'mysql', 'mongodb', 'redis']]"
C#/.NET开发工程师,深圳南山区智恒产业园15栋-16栋6楼,本科,1-3年,,10-15K,仪器仪表/工业自动化,,100-499人,已上市,招聘中,全职,岗位描述： 1、配合新产品的推广和使用，开发相关配套上位机软件，实现对系统的监控与维护；2、配合硬件产品，开发合适的硬件通讯接口软件及控制软件；3、维护所开发的监控软件，并根据需求不断更新完善软件；4、相关文档编写。任职要求： 1、本科及以上学历，电子类、通讯、机电一体化、计算机等相关专业；2、熟悉使用C# .NET进行windows平台软件开发；3、具备串口通信、TCP/UDP，Socket通信，熟悉多线程编程，有多层架构设计经验；4、熟悉使用常见的设计模式；5、至少具备使用一种常用数据库的能力（SQL SERVER、SQLite等）；6、工作严谨细致，具有较强的团队合作精神。 福利待遇：1、工作时间：上午8：30-11：50，下午13：30-18：00 、周末双休；2、薪酬组成：基本工资+餐饮补贴+住房补贴+绩效奖金+根据岗位享受每月话费补贴+加班补贴+出差补贴+节日福利+丰厚的年终奖金；3、调薪政策：根据工作表现对年度绩效评分较高员工进行加薪；4、带薪假期：按照国家规享受所有法定节假日，且年底统一休15天（含法定春节放假时间）；5、其他福利：入职即购买五险一金；根据实际对符合南山区人才安居条件的员工向政府申请人才安居补贴并发放给个人；公司不定期举办聚会；6、办公配套 a）环境舒适，所在园区处于南山宝安双界河边；b）交通便利，位于深南北环立交桥旁，下车即到。,"深圳市星龙科技股份有限公司(股票代码：830924)成立于2004年，是一家专业从事新能源充电桩及智能变电站测试的集研发、生产和销售为一体的国家级重点高新技术企业(证书编号:GR201544200920)；公司从2004年开始研制三相程控标准功率源，首次将波形拟合度从原先的国内最高的每周波3600点提高到每周波80000点，其谐波性能可与全球顶级电能测试产品福禄克公司的FLUKE 6135相媲美。该产品已经广泛应用到电力、电子、质检等企事业单位，公司自2008年开始与广东电网公司电力科学研究院合作研究数字化变电站相关检测技术，于2009年结题并被专家鉴定为国际领先，该项目后续延伸系列研究先后获得20多项省部级科技进步奖，目前该系列产品已成为公司的主打产品之一，公司深度参与了国家级数字化标准体系的合作共建，实现了省级计量中心数字化计量检测全覆盖。2014年起开始投入大量的人力物力从事电动汽车充电桩检测类产品的研发、生产、制造，并取得了一系列卓越的成绩，目前已经完成了非车载直流充电机现场校验及实验室检测系统、交流充电桩现场校验及实验室检测系统、BMS管理、交流充电桩负载、非车载直流充电机负载，模拟电动汽车等检测检验系列产品，并成功中标国网四川省计量中心、广东电科院、江西电科院、山东电科院、山西机电设计研究院、厦门计量科学研究院等国内第三方权威机构。 公司于2014年8月13日在全国中小企业股份转让系统（“新三板”）挂牌，股票简称：星龙科技，股票代码：830924，目前公司拥有专利25项，其中发明专利3项，公司参与国家行业及各类标准20余项，累计已获得20项省部级科技进步奖(已拿证书或网上已过公示期)，技术总工程师黄建钟先后被认定为深圳市高层次技术领军人才，深圳市南山区领航人才，公司先后通过了ISO9001、ISO14001等认证，并建立一套完整的质量控制体系和售后服务体系，截至2017年12月31日公司工程人员已参与了全国300多座智能变电站的测试,和80个交直流充电站的现场测试，并于2018年1月22日公司股东大会全票通过了成立星龙电气、星龙软件(拟名称)等三家控股或全资子公司，公司立志在新能源及充电桩检测、检测大数据分析、电力在线检测等产品上为中国电力做出自己的贡献，我们热忱欢迎国内外的广大用户、代理商、投资者与我们精诚合作，共同发展。",https://www.zhipin.com/gongsi/6c2407c04fd19b071nBy39i8GFs~.html,https://www.zhipin.com/job_detail/e7083bd9aea49f2b1nBy2ty0GFRZ.html,2024-05-15 01:12:20,"[['C# .NET', 'Windows平台软件开发', '串口通信', 'TCP/UDP', 'Socket通信', '多线程编程', '多层架构设计', '设计模式', 'SQL SERVER', 'SQLite']]"
后端开发工程师,深圳坪山区比亚迪汽车工业有限公司比亚迪路3009号,本科,3-5年,,15-20K,汽车研发/制造,,10000人以上,已上市,招聘中,全职,岗位职责：1、参与公司信息化系统的需求分析、可行性分析2、负责信息化系统技术方案设计和代码开发工作；？3、负责信息化系统数据库架构、分布式软件架构设计评审、性能调优；4、负责信息化系统版本构建、发布、部署、线上故障定位和解决；8、参与软件开发流程的持续改进、质量优化、技术积累工作；任职要求：1.本科及以上学历，计算机、软件工程、自动化或相关专业；2.3年以上net或java开发经验，熟练使用.net或java技术、多线程、设计模式、分布式技术；3.掌握数据库相关知识，熟悉索引、事务、锁；4.工作认真、严谨细致、有责任心，有团队合作精神。,"比亚迪集团成立于1995年2月，经过20多年的高速发展，已在全球设立30多个工业园，实现全球六大洲的战略布局。比亚迪业务布局涵盖电子、汽车、新能源和轨道交通等领域，并在这些领域发挥着举足轻重的作用，从能源的获取、存储，再到应用，全方位构建零排放的新能源整体解决方案, 比亚迪是香港和深圳上市公司，营业额和总市值均超过千亿元。比亚迪坚持自主创新，掌握电池、电机、电控及芯片等电动车全产业链核心技术，在2008年推出全球首款量产插电式双模电动车，在2010年提出全球首个公共交通电动化解决方案，之后上升为国家战略，形成全球共识，持续引领行业变革。截至2020年底，比亚迪电动车销量连续8年中国第一，已驶入全球50多个国家和地区、300多个城市，是首个进入欧、美、日等发达市场的中国汽车品牌。",https://www.zhipin.com/gongsi/57a2926ed776f6dd1nN43tu8EFM~.html,https://www.zhipin.com/job_detail/2ffdc4906ae91c331HV_0t67EVpR.html,2024-05-15 01:12:44,"[['需求分析', '可行性分析', '技术方案设计', '代码开发', '数据库架构', '分布式软件架构', '性能调优', '版本构建', '发布', '部署', '线上故障定位', '解决', '软件开发流程', '持续改进', '质量优化', '技术积累'], ['本科及以上学历', '计算机', '软件工程', '自动化', 'net开发经验', 'java开发经验', '多线程', '设计模式', '分布式技术', '数据库相关知识', '索引', '事务', '锁', '工作认真', '严谨细致', '责任心', '团队合作精神']]"
rpa工程师,上海杨浦区创智汇405,本科,3-5年,,13-18K·13薪,计算机服务,,100-499人,不需要融资,最新,全职,1.参与项目的RPA功能设计和模块设计；2.参与客户需求沟通，协助撰写流程定义文档；3.通过RPA开发工具，按照自动化设计需求，开发并部署实施RPA机器人；4.用户培训、系统测试、上线交付、现场PoC测试、相关文档编写等。【任职要求】1、本科及以上学历2、uipath的开发和部署。3、日语可以交流。,团队极富激情，有众多顶级公司工作背景。核心成员毕业于清华、交大、浙大、复旦、港大等知名院校。求贤若渴，愿与有志之士共绘蓝图,https://www.zhipin.com/gongsi/b8bf1275479552d31Xdy29S-Fw~~.html,https://www.zhipin.com/job_detail/92ff74b7f68a27c01HB70tW1F1RX.html,2024-05-15 06:42:43,"[['RPA功能设计', '模块设计', '客户需求沟通', '流程定义文档', 'RPA开发工具', '自动化设计需求', 'RPA机器人', '用户培训', '系统测试', '上线交付', '现场PoC测试', '相关文档编写'], ['uipath的开发和部署', '日语交流']]"
服务端开发工程师(python)(A58727),上海徐汇区枫林科创园B2座1803,本科,3-5年,,20-35K·14薪,人工智能,,100-499人,C轮,招聘中,全职,1、根据需求，参与主导各个数字人终端产品和项目的开发工作；2、根据实际产品需求，进行需求分析，数据库设计，接口开发与联调；3、根据需求，进行算法工程化封装，部署，对接；4、对已有系统进行功能，性能优化。职位要求：1、计算机或相关专业本科或以上学历；2、熟练掌握Python、Golang、C++ 至少1种，具有扎实的计算机基础和编程能力；3、精通数据结构和算法，有很好的面向对象分析和设计能力，精通常用设计模式和主流设计工具；4、至少熟悉一种常见的数据库，例如MySQL、PG等；5、具备解决问题和协作的能力，具有较强的沟通和团队合作能力。,魔珐科技成立于2018年，是一家以三维计算机图形学和AIGC技术为核心的3D虚拟人科技公司。魔珐科技打造了全球首个端对端的超写实3D虚拟人工业化产线，并在此基础上建立了“3D虚拟人AIGC平台--星云平台”，自研了3D虚拟人AIGC消费级产品矩阵，致力于为各行各业提供高质量、高效率、低门槛、规模化的超写实3D虚拟人技术，产品和服务。魔珐科技已完成了数亿美金融资，其中，C轮融资达1.1亿美金，由软银愿景和某知名战略投资机构领投。,https://www.zhipin.com/gongsi/6641c9a76c022a8703F409q5GQ~~.html,https://www.zhipin.com/job_detail/3979a729482f2c911HZ73Nu1FFpT.html,2024-05-15 06:43:27,"[['Python', 'Golang', 'C++'], ['数据结构', '算法', '面向对象分析', '设计模式', '主流设计工具'], ['MySQL', 'PG'], ['解决问题', '协作', '沟通', '团队合作']]"
.NET,深圳南山区深圳市高新技术产业园区W1-A601,本科,1年以内,,4-6K,计算机软件,,100-499人,天使轮,招聘中,全职,"岗位职责：1、根据公司总体研发规划，完成软件产品的开发及测试工作；2、根据市场需要或客户需求，进行软件产品的定制开发；3、对于已有的技术和产品，进行技术支持和优化完善；4、公司具有自主核心技术，愿意持续参与并长久发展；任职要求：1.计算机相关专业本科及以上学历，半年以上 .NET平台开发经验；2.熟悉.NET开发技术，熟悉.NET framework，具有相当的C#、ASP.NET、XML、WebService、ORM、Redis在WEB开发中的经验；3.精通SQL语法,有一定的存储过程编写经验；熟练使用html、JavaScript语法，查看各网页源码；4.有工作流和报表的开发经验;5.对代码的可维护性、可重用性、可扩展性有深刻的理解；能持续优化页面响应速度；并提升产品稳定性；7、熟悉各种设计模式；掌握IOC框架原理；掌握移动开发8.有较强的独立工作能力和自我学历能力，能遵循公司规范进行技术开发，具有良好的团队合作精神及沟通表达能力",公司成立于2013年，易升云图为工程企业提供IT规划+流程梳理+系统落地的项目管理解决方案。我们依托强大的PaaS平台，聚焦集团公司，工程行业，设计院等领域，为客户提供基于IT建设一体化解决方案。前身深圳市深蓝拓管理咨询有限公司成立于2008年，拥有多名IT专家、注册会计师、CPIM、CMC及高级架构师的我们，始终致力于企业的管理提升，通过管理结合IT的模式，协助企业完善管理体系，优化流程，强化运营能力，并通过IT工具进行固化。目前公司拥有员工150多名，上海，兰州，杭州，山东，山西设分公司，全国各地有五十多家合作伙伴。,https://www.zhipin.com/gongsi/6185d9715449eb0903B52t65.html,https://www.zhipin.com/job_detail/68bc7f4d6a9839c73nZ929S5FFE~.html,2024-05-15 00:58:11,"[['.NET平台开发', 'C#', 'ASP.NET', 'XML', 'WebService', 'ORM', 'Redis', 'SQL语法', '存储过程', 'html', 'JavaScript', '工作流', '报表', '设计模式', 'IOC框架', '移动开发']]"
.NET 开发工程师,深圳福田区耀华创建大厦16楼,本科,3-5年,,12-18K,医疗服务,,20-99人,天使轮,招聘中,全职,岗位职责:1、负责公司现有项目的维护、调试、升级；2、负责公司产品的需求分析、系统设计、接口设计；3、负责新需求设计文档、技术实现逻辑等文档；4、负责新需求的数据库设计，程序逻辑设计以及技术开发；5、负责开发公司项目；5、负责相关产品的服务器部署、管理等。岗位要求：1. 计算机相关专业，本科及以上学历；2. 精通.Net与.NetCore，3年及以上.Net及.NetCore开发经验，编码能力强，基本功扎实；3、精通C#、熟悉开发平台，有丰富的Web开发经验，熟悉主流前端框架技术；4、熟悉常用设计模式，熟练使用EF、.NetCore MVC等技术，熟悉快速轻量级ORM框架（Dapper等）技术5、精通主流数据库（Mysql/Sql Server）及数据库性能调优；6、精通代码优化、调试、部署、测试；7、具备良好的工作心态，责任心强，团队精神，有抗压能力，有独立工作能力，编码规范，注释清晰，注重细节。,华翰医院管理服务有限公司系零肆经贰科技旗下集大数据运维和保险科技于一体的创新型风险管理服务公司，公司主要服务对象为国内各级医疗机构。公司通过对医疗机构诊疗过程中存在的各类风险进行标签识别和数据分析，利用保险科技赋能手段对目标客户进行全流程风险干预和风险管理，全面提升医疗机构和服务对象的抗风险能力，有效降低医疗纠纷发生率，协助医疗机构构建和谐健康的诊疗环境。,https://www.zhipin.com/gongsi/77ccf79dbd58ced23nd_0t-7EA~~.html,https://www.zhipin.com/job_detail/a07ace54c1531f471nx82Nq4FVVW.html,2024-05-15 00:58:33,"[['.Net', '.NetCore', 'C#', 'Web开发', '主流前端框架', '设计模式', 'EF', '.NetCore MVC', '快速轻量级ORM框架', 'Mysql', 'Sql Server', '数据库性能调优', '代码优化', '调试', '部署', '测试']]"
后端开发工程师,深圳南山区万融大厦11121203,本科,1-3年,,15-20K,建筑材料,,100-499人,,招聘中,全职,职位描述岗位职责及工作占比:1负责系统后端逻辑开发设计，编码40%2.负责技术研究和系统性能优化20%3负责接口文档编写及更新20%,,https://www.zhipin.com/gongsi/90d49ba99a44d9b91nN_3di5GVU~.html,https://www.zhipin.com/job_detail/0e82275e4a6475151XZ63tS_GFJV.html,2024-05-15 00:58:56,"[['后端逻辑开发设计', '编码', '技术研究', '系统性能优化', '接口文档编写', '更新']]"
大数据平台研发工程师,深圳南山区深圳金地威新中心b塔,本科,5-10年,,25-45K,互联网,,10000人以上,不需要融资,招聘中,全职,"岗位要求：1.本科以上学历，计算机或相关专业；3年以上Linux后台开发经验，有大规模系统开发经验；精通HTTP、TCP/IP协议，网络编程；熟悉Linux操作系统原理，常用工具；有高并发、大容量后台服务系统设计经验；2.熟悉spring cloud；对k8s, 微服务，服务治理或者service mesh有经验加分；3.具有良好的学习能力、沟通能力、团队合作意识；强烈的责任心与主动性，对所负责工作有owner意识，并能自我驱动成长；4.熟悉Hadoop常用大数据开源组件；5.有aws glue、linkedin datahub、netflix metacat、arctic、iceberg、alluxio sds等经验加分；岗位职责：1、主要负责统一元数据能力建设。3、负责分析超大规模元数据系统瓶颈与架构合理性，促进服务架构优化。",腾讯以技术丰富互联网用户的生活。通过通信及社交平台微信和 QQ 促进用户联系，并助其连接数字内容和生活服务，尽在弹指间。通过高效广告平台，协助品牌和市场营销者触达数以亿计的中国消费者。通过金融科技及企业服务，促进合作伙伴业务发展，助力实现数字化升级。我们大力投资于人才队伍和推动科技创新，积极参与互联网行业协同发展。腾讯于 1998 年11月在中国深圳成立，2004 年6月在香港联合交易所主板上市。,https://www.zhipin.com/gongsi/2e64a887a110ea9f1nRz.html,https://www.zhipin.com/job_detail/05354cbbed887e461HR63ty4ElRV.html,2024-05-15 03:57:36,"[['Linux后台开发经验', '大规模系统开发经验', 'HTTP', 'TCP/IP协议', '网络编程', 'Linux操作系统原理', '常用工具', '高并发', '大容量后台服务系统设计经验', 'spring cloud', 'k8s', '微服务', '服务治理', 'service mesh', 'Hadoop常用大数据开源组件', 'aws glue', 'linkedin datahub', 'netflix metacat', 'arctic', 'iceberg', 'alluxio sds']]"
.NET开发工程师（外包）,深圳南山区软件大厦609,大专,经验不限,,9-14K,计算机软件,,20-99人,未融资,招聘中,全职,"岗位职责：1、完成软件系统代码的实现，编写代码注释和开发文档；2、辅助进行系统的功能定义,程序设计；3、根据设计文档或需求说明完成代码编写，调试，测试和维护；4、分析并解决软件开发过程中的问题；5、协助测试工程师制定测试计划，定位发现的问题；6、配合项目经理完成相关任务目标；任职要求:1、熟悉C#的主流开源框架，熟悉winfrom、webfrom的开发；2、熟悉主流的数据库、SQL语句、存储过程、函数等（MySql、Oracle、SQLSERVER）；3、熟悉VUE、JQuery、Ajax、Json、html、css、xml等前端技术；4、熟悉版本控制工具SVN；5、5年C#开发经验；6、具备代码分析、性能调优、数据库优化能力；7、有独立思考能力，为人诚恳，工作态度踏实肯干；良好的团队合作精神，能够融入团队；7.具备MAUI相关项目经验优先；8.工作地点（东 ----- 莞）",深圳同耕科技股份有限公司（后简称为同耕）是一家专注于汽车、航天等高端制造行业信息化解决方案的软件产品供应商。国家高新技术企业和专精特新企业。为华南地区知名的汽车行业、军工航天行业软件供应商，同耕股份以多年行业积累和自主技术研发为立身之本，为行业客户提供先进的工业互联网、智慧城市等数字化系统。为企业提供智能控制、柔性生产、数据化营销解决方案，成就客户由制造向“智”造转型、提升政府的治理能力、提高部队的战力与生存力。 公司奉行奋斗者文化，经过股改、有完善的股权激励、提成奖励制度。公司面对的汽车、航天、船舶行业均处于高速蓬勃发展阶段，为我们提供了科技报国、施展才华的绝佳时机。同耕股份期待有识之士、有能之士的加盟！*专业化IT服务 同耕以深圳市认证的地区领军人才和IT业内资深专家为核心，汇聚了一批在高端制造业、汽车行业从业10年以上行业专家，以及在国内外各大知名应用系统厂商有资深经验的IT专家，并借助大数据+人工智能技术，致力于深入行业专属定制打造基于云的企业软件解决方案，包括系统规划、业务流程规划、信息系统建设等服务，并持续的为客户提供信息系统优化、系统运维等服务。* 技术优势 同耕股份技术团队中，拥有一批高级PMP认证的项目经理、资深的系统工程师、经验丰富的系统分析师，以及数十位系统设计、开发、测试、文档管理等技术人员。优势领域涉及多种应用平台、数据库和中间件产品。在产品研发和项目交付过程中，同耕以先进的管理理念、优秀的设计方法，为多个事业单位完成了应用系统软件的实施和定制服务，赢得了用户的广泛好评。我们的目标：结合信息技术与制造技术，帮助客户实现产销研数字化、网络化、智能化及安全性。提升制造业创新能力、交付能力，成就中国智造。 同耕总部位于广东深圳，在广西、湖北、四川、北京等地区设有分支机构提供本地化服务。其中广西同耕为公司全资子公司，武汉同耕为研发中心。现因公司快速发展，急需扩大团队，欢迎您的加入！公司地址列表：深圳总部地 址：深圳市南山区粤海街道麻岭社区高新中一道9号软件大厦6层609号电 话：*************柳州子公司--广西同耕信息科技有限公司地 址：柳州市城中区文昌路26号金册大厦10楼1-3号电 话：************,https://www.zhipin.com/gongsi/82466d63c6dc3e001nB73di9EFA~.html,https://www.zhipin.com/job_detail/08cbf4de4589506b1Hd73dW4E1FY.html,2024-05-15 00:50:59,"[['C#', 'WinForms', 'WebForms', 'MySql', 'Oracle', 'SQLSERVER', 'VUE', 'JQuery', 'Ajax', 'Json', 'html', 'css', 'xml', 'SVN', '代码分析', '性能调优', '数据库优化', 'MAUI']]"
C#.NET软件工程师,深圳龙岗区中科谷1108,大专,1年以内,,15-25K,计算机软件,,20-99人,未融资,招聘中,全职,岗位职责1、负责或参与系统平台和项目的设计、开发、维护和管理；2、负责或参与制定开发计划、完成模块级的设计及规划；3、与团队其他成员协作、沟通，解决技术难题。技能要求1、大专以上学历，计算机或相关专业；2、两年以上C#.Net开发工作经验，有多层架构开发经验；3、熟练掌握TCP、Socket、HTTP、Web Service、串口编程、组件开发、多线程、IO等技术，能遵循良好的编程规范；4、对B/S模式的软件开发具有较丰富的经验，熟悉HTML，CSS，JavaScript，asp.net，具备扎实的编程基础；5、至少熟练掌握sqlserver、oracle、mysql其中一种数据库；6、具有面向对象的分析、设计、开发能力，熟悉多种设计模式；7、热爱技术，追求卓越，有良好的自学能力，对新技术有钻研精神；8、良好的职业素质、团队合作精神和团队沟通能力；9、执行力强，有很好的适应能力和解决问题的能力；10、可以接受长期出差，公司包住宿，每个月有探亲假，报销来回机票！,深圳易孚信息科技有限公司（简称易孚信息或易孚）成立于2015年，注册资本1000万。公司致力于为新能源汽车行业提供数字化制造整体解决方案，立足于动力电池领域并延伸至上游材料结构件及下游整车厂。易孚信息由动力电池行业的资深从业者创立，其核心人员具有15年动力电池行业从业经验和11年数字化制造解决方案设计经验。公司成立三年多时间，已经取得众多行业资质和客户认可。易孚是动力电池产业创新联盟理事单位、锂离子电池成套设备标准修订委员会成员、西门子大中华区唯一专注于新能源行业的专家型合作伙伴，并作为西安工程大学研究生联合培养基地与高校开展产学研合作；截至目前已先后为BYD、CATL、国轩高科、中兴派能、中天储能、林州重机等多家行业知名企业提供信息化解决方案与服务。 目前，易孚信息已经形成数字化产品研发、数字化生产制造、数字化运营三大业务主线，产品涵盖西门子Teamcenter、Simcenter、Tecnomatix、Simatic IT UA、Mindsphere系列。 未来，我们的愿景是成为具有自主知识产权的数字化制造平台。不忘初心，砥砺前行；易孚将始终坚持以为用户创造价值为核心，提供更多、更好的解决方案来回报客户的支持与信任。,https://www.zhipin.com/gongsi/3c99bd31e18590681nd93N-1FVU~.html,https://www.zhipin.com/job_detail/5cf4d6c1212b563f1XV52d-8E1pU.html,2024-05-15 00:51:22,"[['C#.Net', '多层架构', 'TCP', 'Socket', 'HTTP', 'Web Service', '串口编程', '组件开发', '多线程', 'IO', 'HTML', 'CSS', 'JavaScript', 'asp.net', 'SQL Server', 'Oracle', 'MySQL', '面向对象', '设计模式']]"
python开发工程师,北京海淀区华为公司北京研究所(环保园),本科,经验不限,,18-35K,计算机软件,,10000人以上,不需要融资,招聘中,全职,1.熟悉python，能够使用python语言完成相关需求2.熟悉linux常用命令，能够编写shell脚本3.有数据库操作和华为云经验更佳,华为创立于1987年，是全球领先的ICT（信息与通信）基础设施和智能终端提供商，我们致力于把数字世界带入每个人、每个家庭、每个组织，构建万物互联的智能世界：让无处不在的联接，成为人人平等的权利；为世界提供最强算力，让云无处不在，让智能无所不及；所有的行业和组织，因强大的数字平台而变得敏捷、高效、生机勃勃；通过AI重新定义体验，让消费者在家居、办公、出行等全场景获得极致的个性化体验。目前华为约有19.4万员工，业务遍及170多个国家和地区，服务30多亿人口。,https://www.zhipin.com/gongsi/02cd05cce753437e33V50w~~.html,https://www.zhipin.com/job_detail/d583b5d6c14665cf33N639q-FFo~.html,2024-05-15 04:52:46,"[['python', 'linux常用命令', 'shell脚本', '数据库操作', '华为云']]"
软件工程师,北京朝阳区太古时代LIFE104-106,大专,3-5年,,12-18K,通信/网络设备,,20-99人,,招聘中,全职,岗位要求1. 拥有2年以上工作经验2. 精通Python编程语言3. 熟练使用Linux4. 熟悉 HTTP/HTTPS 等网络协议5. 具备分析漏洞原理和漏洞环境搭建的能力岗位职责1. 负责PoC编写及验证2. 负责靶场搭建,公司从事安全产品开发，主要服务于政府，企业等机构。研发团队成员均来自于华为、新华三、CISCO、启明星辰、知道创宇等国内知名网络公司，拥有十多年的安全和网络技术从业经验，具备丰富的安全产品，网络底层设备的研发、网络解决方案设计、网络设备生产、安全咨询服务等技术和经验。,https://www.zhipin.com/gongsi/e208f509ed42985d1ndy3N60GFc~.html,https://www.zhipin.com/job_detail/a4747e3975b6cf2d1nF63N-9GVFT.html,2024-05-15 04:53:08,"[['Python', 'Linux', 'HTTP', 'HTTPS', '漏洞分析', '漏洞环境搭建']]"
高级.net开发工程师,深圳南山区禹洲广场A座5楼,本科,3-5年,,18-35K,大数据,,100-499人,B轮,招聘中,全职,"职位描述：岗位职责(RPA产品开发)： 1、根据产品需求编写代码；2、参与方案讨论和技术调研、负责方案升级、更新；3、协助完成项目的测试、系统使用；4、与项目相关的其他开发工作。岗位要求： 1、熟悉C#、.NET Core、WPF；2、3年以上.Net开发经验,具有windows C# WPF界面开发经验；3、熟悉多进程/多线程编程，熟练使用进程间/线程间的同步和通信方法4、精通编程、调试和相关技术，具有较好的面向对象思想，对常用设计模式有自己的见解；5、211、985高校计算机相关专业优先；6、有跨平台桌面应用开发经验者优先；7、有RPA产品开发经验者优先",深圳数阔信息技术有限公司（Skieer）是业界领先的大数据准独角兽企业，相继在美国/重庆/北京/上海设立了分/子公司，为客户提供全网数据收集能力、数据整合分析能力和场景化解决方案。除中文站外，2016年起先后上线了英语、日语、西班牙语、法语、德语等海外版本，全球企业用户数超过400万，已获得包括中信资本在内的四轮投资并实现公司整体盈利。 各地团队总计250人，核心团队来自 Morningstar、Google等知名企业，国内、海外名校毕业，管理风格务实、扁平、高效。创始人兼CEO刘宝强毕业于国防科技大学，曾任职于morningstar（晨星资讯），负责全球金融大数据的收集和分析平台，曾在芝加哥、硅谷工作和学习，中国计算机学会CCF会员，CCF走进高校讲者。核心产品：1、八爪鱼采集器（www.bazhuayu.com），全球领先的大数据云采集平台，支持从任何网站、移动APP采集自定义数据。全球用户数超400万，2019年获得工信部认证优秀大数据产品。2、云听CEM（www.yuntingai.com），基于大数据和自然语言处理(NLP)技术的客户体验管理平台，从品牌与客户接触的全渠道、全过程中获取、分析和跟踪反馈信息，帮助企业提供更好的客户服务，改进产品和业务体验，提升品牌竞争力。覆盖消费品、手机、家电、日化、汽车等多个行业，获得联合利华、OPPO、VIVO、海尔、科沃斯等大量行业头部客户认可推荐。,https://www.zhipin.com/gongsi/47928a71956faade1Hd82ts~.html,https://www.zhipin.com/job_detail/085867b0bba2aeb30Xxy3tm5FA~~.html,2024-05-15 00:36:32,"[['C#', '.NET Core', 'WPF'], ['多进程/多线程编程', '进程间/线程间的同步和通信方法'], ['编程', '调试', '面向对象思想', '设计模式']]"
后台开发工程师/.net架构师,深圳宝安区宝安科技桃花源领亚美生分园春生楼三层,本科,5-10年,,20-25K·13薪,仪器仪表/工业自动化,,1000-9999人,已上市,招聘中,全职,办公地点：深圳宝安区工作年限：6年以上学历：本科以上学历薪资范围：20K~25K岗位职责：1、负责系统架构设计，满足产品要求；2、负责确定项目核心技术和产品选型，协助开发团队解决项目开发过程中的技术难题；3、负责软件高层设计、模块划分、接口定义、负责或参与核心代码的编写工作；4、参与开发流程规范和制定，参与Devops流程设计。岗位要求：1、统招本科及以上学历，6年以上C#、B/S架构设计和开发经验；2、精通.net体系相关技术，包括C#、Asp.net MVC、Asp.net WebAPI、EF Core等技术；3、熟悉微服务架构，并由相关设计经验；4、精通rabbitmq、redis、kafka等中间件，至少深入研究过其中一种源码，具备调优能力；5、熟悉vue、js等前端框架和技术；6、熟悉Mysql数据库，并有数据库优化经验；7、熟悉分布式服务框架，有实战经验，精通大流量、高并发、高性能的分布式系统的设计及应用，擅长性能调优者优先；8、有良好的设计文档编写能力；9、根据产品开发规范，完成相关技术文档编写；10、熟悉Linux服务器环境搭建和部署，Nginx等组件;11、有vue+elementUI后台管理系统开发经验、 有erp、wms、智能织造（织机数字）相关开发经验的优先的优先考虑。,伟创电气自成立以来始终专注于电气传动和工业控制领域，是一家从事工业自动化产品研发、生产、销售于一体的高新技术企业，荣获“江苏省级企业技术中心”，“江苏省民营科技企业”，“专精特新小巨人企业”，“江苏省工程技术研究中心”，“江苏省高新技术企业”“苏州市瞪羚企业”，“运动控制领域用户满意品牌”等荣誉称号。经过多年的自主研发和创新，公司开发出一系列拥有自主知识产权的专利技术，截止至2021年12月28日，已获授权专利共计124项，其中发明专利28项。 公司在苏州和深圳拥有研发和生产基地，并在印度设立了全资子公司，目前公司业务遍及多个国家和地区，为全球客户提供有竞争力、安全可信赖的产品和服务。,https://www.zhipin.com,https://www.zhipin.com/job_detail/f7de32d15b07ee021XJ409m_FVdY.html,2024-05-15 00:36:56,"[['C#', 'B/S架构', 'Asp.net MVC', 'Asp.net WebAPI', 'EF Core', '微服务架构', 'rabbitmq', 'redis', 'kafka', 'vue', 'js', 'Mysql', '分布式服务框架', 'Linux服务器环境搭建', 'Nginx', 'vue+elementUI后台管理系统', 'erp', 'wms', '智能织造']]"
.NET,深圳龙华区时代科融中心1311,大专,3-5年,,8-15K,互联网,,100-499人,,招聘中,全职,岗位要求：1、大专或大专以上学历，计算机、软件工程等相关专业毕业；2、3年 (含3年)以上 软件开发工作经验；3、精通.Net， C#开发，熟练使用Visual Studio 2013等开发工具，熟悉C/S及B/S的多层架构设计及开发，以及javascript/xhtml/css/xml等技术；4、熟悉MS SQL Server等大型数据库，能熟练编写存储过程和触发器，有在大型数据库上进行软件开发的经验；5、熟悉网狐后台开发优先。,,https://www.zhipin.com/gongsi/1670c9ac3fb0e7fa1nd-29i0Ew~~.html,https://www.zhipin.com/job_detail/f2868bb81206d93f1nJ839u_FFA~.html,2024-05-15 00:37:42,"[['Net', 'C#', 'Visual Studio 2013', 'C/S', 'B/S', 'javascript', 'xhtml', 'css', 'xml', 'MS SQL Server', '存储过程', '触发器']]"
IT程序员,深圳坪山区祐富百胜宝电器(深圳)有限公司兰金七路8号,本科,3-5年,,8-13K,家用电器,,1000-9999人,不需要融资,招聘中,全职,"岗位要求：承担开发任务，按计划完成任务目标。任职要求：1、三年以上ASP、NET(C#)开发经验，具有ASP、NET大型B/S架构系统开发经验；2、精通SQL Server数据库及其应用开发，了解Oracle,Mysql；3、熟悉掌握HTML、JavaScript、jquery、Ajax、XML、DIV、CSS等相关技术；4、有良好的代码习惯，文档编写习惯，较强的学习和理解能力，团队意识强；5、责任心强，工作细致，注重工作效率，有良好的沟通、协调能力；6、有过MES、WMS系统开发经验者优先考虑；7、有SAP、OA等接口开发经验的优先考虑。",祐富百胜宝电器（深圳）有限公司隶属于香港艺光实业有限公司。公司位于深圳市坪山区兰金七路8号，是一家专业生产家用小型电器——咖啡机、厨用搅拌机、吸尘器、风筒、卷发器等产品的港资企业。公司生产的产品全部外销美国、欧洲、日本等市场。1987年建厂以来，严格遵守当地法律法规及海关各项规章制度。目前自建厂房6.9万平方米，建立完备的厂区公园、标准的生活区、员工宿舍楼、标准篮球场、健身房、绿化果菜园、园亭休闲区等基本设施。生产设备投资总额约2500万美元，目前员工人数达1000多人。,https://www.zhipin.com/gongsi/fc4abefb19d6daeb1nN52tS8EVo~.html,https://www.zhipin.com/job_detail/71875ef377cdc86e1XJ92dW0GFVV.html,2024-05-15 00:38:05,"[['ASP', 'NET', 'C#', 'SQL Server', 'Oracle', 'MySQL', 'HTML', 'JavaScript', 'jQuery', 'Ajax', 'XML', 'DIV', 'CSS']]"
.NET Core,深圳罗湖区百汇大厦南座23层23G,大专,5-10年,,10-15K,计算机软件,,20-99人,不需要融资,招聘中,全职,"岗位职责1. 负责公司内部系统的维护与开发工作2. 按时按质的完成编程开发技术工作任职要求1、全日制专科/本科学历应届生，计算机相关专业2、3年以上.NET开发经验，精通.net语言、MVC3、掌握JavaScript、jQuery、Html、CSS、Ajax、React等Web开发技术4、熟悉SQL Server数据库，熟练使用SQL语言，掌握存储过程5、有MVC.net 及多层结构的开发经验，具有良好的编程风格6、熟练掌握 bootstrap,layUi,EasyUI等前端框架",领先的IPO金融软件服务商,https://www.zhipin.com/gongsi/8c90bfa2973a71911HV829W9FVs~.html,https://www.zhipin.com/job_detail/23d3b425044d9c951HZ43dS6ElJW.html,2024-05-15 00:38:28,"[['.NET', 'MVC', 'JavaScript', 'jQuery', 'HTML', 'CSS', 'Ajax', 'React', 'SQL Server', 'SQL', '存储过程', 'MVC.net', '多层结构', 'bootstrap', 'layUi', 'EasyUI']]"
.NET开发工程师,深圳南山区金龙创业园63栋806,大专,1-3年,,11-20K·16薪,广告/公关/会展,,0-20人,不需要融资,招聘中,全职,"任职要求：①两年的工作经验，优秀的可待遇面议②精通C#语言,熟悉.NET开发技术，熟练掌握B/S架构开发③熟练掌握SqlServer ，熟练使用数据库基本的视图、存储过程、触发器、索引等各种数据库功能；④熟练Asp.NetMVC、Web Api，深入理解WEB开发，熟悉HTTP等网络协议；⑤具有Asp.Net core 实际开发经验⑥有前后端分离项目开发经验者优先.",壹诺威视，有15年以上经验的AI ，显示屏和物联网运营骨干团队，致力于以新零售模式，将AI显示屏应用于商业，尤其是美业店铺，为实体店铺赋能；线上AI测肤方案，让女性更客观了解记录自己的肌肤状态，科学护肤更有效。壹诺威视，让视界更精彩。,https://www.zhipin.com/gongsi/b7d48b2f50775b233nB-3N-4GA~~.html,https://www.zhipin.com/job_detail/9537d2c9950ff74c1nR63NS7GFZU.html,2024-05-15 01:18:46,"[['C#', '.NET', 'B/S架构', 'SqlServer', '视图', '存储过程', '触发器', '索引', 'Asp.NetMVC', 'Web Api', 'HTTP', 'Asp.Net core', '前后端分离']]"
Hadoop,北京海淀区锦秋国际,本科,3-5年,,25-40K,财务/审计/税务,,20-99人,,招聘中,全职,设计、开发、优化大数据相关产品 - 构建批量分析、交互式分析、实时分析以及数据湖解决方案 - Hadoop生态产品的稳定性、性能、易用性 私有云、公有云客户支持 职责要求： - 211本科及以上学历，计算机及相关专业，2年以上工作经验 - 熟悉Java开发，熟悉网络编程及多线程开发，熟悉常见数据结构和算法 - 熟悉Linux平台，至少一种脚本语言 - 有Hadoop生态系统相关经验 - 有大数据平台开发经验优先 说明：本岗位不是做数据处理，而是平台开发,,https://www.zhipin.com/gongsi/238d14e781dfe7501HF_2d20FA~~.html,https://www.zhipin.com/job_detail/35d91bca16664e0b1HB-2tu4GFQ~.html,2024-05-15 02:18:54,"[['Java', '网络编程', '多线程开发', '数据结构', '算法', 'Linux', '脚本语言', 'Hadoop生态系统', '大数据平台开发']]"
.NET开发工程师（中级）,广州越秀区广州浙江大厦9楼,大专,3-5年,,8-13K,计算机软件,,100-499人,未融资,招聘中,全职,岗位职责简述：1、 参与公司新产品的研发和设计；2、 参与公司现有产品的维护和升级；3、 配合领导共同完成安排的工作。岗位要求：1、专科以上学历，计算机相关专业，2年以上实际开发经验2、熟悉 .NET Core、SQL Server、Redis、RabbitMq，3、熟悉常见设计模式，有良好的代码编写习惯，4、能够独立思考和解决技术问题，喜欢钻研技术，能在开发过程中保持敏锐的思考，寻求最优解决方案，5、对技术充满热情、有团队合作精神6、有电商交易，营销活动开发，ERP进销存，WMS仓储开发经验的优先，熟悉微盟有赞等私域管理的优先福利待遇：1、上班时间：上午9：00-12：00、下午13:30-18:00（双休）。2、享受国家法定节假日和春节年假。3、健全的社保体系，提供五险及住房公积金。4、常年备有零食水果，不定期下午茶，不定期组织聚餐、团建活动5、传统节日派发礼品6、加班有加班费，加班包餐7、健全的晋升和培训机制，团队核心骨干有年底分红。上班地址：广州越秀区浙江大厦,"公司简介：广州鸿亿成立于2007年，由广州市鸿亿防伪产品有限公司、广州市猫态信息科技有限责任公司、广州市鸿猫企云科技有限公司组成。是专业从事防伪溯源管理、社交电商（微电商）管理系统、互联网+实体新零售（店）管理系统及企业各类应用管理软件开发与营销、防伪产品印刷的***高新技术企业。公司研发的防伪网络系统综合运用现代计算机技术，网络通讯技术、信息编码技术和高科技印刷技术，把信息产业的成果与防伪实践相结合，防伪与美观包装，防伪与营销相结合的理念，引领防伪技术达到一个新的高度。公司拥有软件著作版权20多个，是中国防伪行业协会理事会员单位、广东省名优企业打假协会会员单位，同时为广东省质量技术监督局、省标准化研究院、省WTO/TBT通报咨询研究中心技术支持单位，为商务部电子商务司《促进社交电商行业规范发展报告》重点调研单位之一。随着数字移动的普及、微商的快速崛起，公司以致力建设数据微商、助力品牌成长为己任；2013年鸿亿独立开发出全国***款《微商管理系统》,系统集防伪溯源、授权控价、订单管理、积分管理、大数据报表等多功能于一体，切实为企业解决假冒伪劣、规范市场秩序、丰富销售促销手段问题，在微商行业广泛应用。服务客户涉及日用品、图书、服装、医药、动漫、食品、化妆品、农业、汽配等众多行业。2014年，公司荣获奥飞企业年度***服务奖；2015年、2016年公司连续两年获合作企业颁发年度***创新奖；2016年，公司与微谷控股有限公司达成营销战略合作关系；2017年6月“鸿亿微商防伪系统”获中国微商十大创新奖。目前公司服务企业遍布全国，长期稳定服务客户已达2000余家，包括澜庭集、云南白药、美丽誓颜、浪莎、朵女郎、大时代、修正药业、同仁堂、Vshow 、ZuZu、花红药业、焕我生活、蜗蜗、中华灸等知名一线品牌，成为引领行业发展的领头企业。",https://www.zhipin.com/gongsi/88092c1b55df53f41nR93du5GQ~~.html,https://www.zhipin.com/job_detail/b274149deea7e7981XN53dm-F1NU.html,2024-05-14 23:17:39,"[['.NET Core', 'SQL Server', 'Redis', 'RabbitMq'], ['设计模式', '代码编写习惯', '独立思考', '技术问题解决', '技术钻研', '敏锐思考', '最优解决方案', '技术热情', '团队合作精神', '电商交易', '营销活动开发', 'ERP进销存', 'WMS仓储开发', '微盟', '有赞', '私域管理']]"
系统开发工程师,广州增城区索菲亚家居股份有限公司仙宁路2号,本科,1-3年,,9-10K,互联网,,10000人以上,已上市,招聘中,全职,岗位职责：1. 3年及以上dotnet方向开发经验；熟练使用asp.net core blazor、数据库等技术。 2. 要有较好的逻辑思维能力和业务理解能力，且有独立解决问题能力；3. 熟悉使用HTML、CSS、前端框架jQuery、JS等脚本语言；4. 熟练使用Linux ，docker容器开发经验；5. 有智能制造或定制家居工作经验者优先。任职要求：1.计算机专业，本科及以上学历，3年及以上工作经验；2.掌握 dotnet/dotnet core ，熟悉linux / 容器开发；3.具有较强的计划、组织、沟通、协调和推进能力，具有较强责任心；4.能接受1个月内出差。,索菲亚家居股份有限公司是一家主要从事定制柜、橱柜、木门、墙地一体、配套五金、家具家品、定制大宗业务的研发、生产和销售的公司。 公司于2011年在深交所成功上市，是行业内首家A股上市公司（股票代码：002572）。公司建立起覆盖全市场的完善品牌矩阵，分别是：以中高端市场为目标的“索菲亚”，以高精人群为目标的“司米”和“华鹤”，以大众市场为目标的“米兰纳”，四大品牌互相呼应，形成集团内部相互呼应的产品研发和供应体系，覆盖衣橱门全品类，实现纵深渠道全面发展。公司福利：1、工作时间：双休，8小时/天；（增城：8:00-18:00；营销中心：9:00-18:00；电商中心：9:30-18:30）2、五险一金，部分工种另购买相关商业意外保险；3、享受法定公众节假日、婚假、产假、丧假、年假等相关带薪假期；4、文体活动：年度体育文化节、年度旅游、部门活动、年会；5、每逢佳节，派发礼品；举办员工生日会，发放生日贺卡及生日礼品；6、公司增城总部环境优美，丰富的娱乐设施，空调宿舍、热水器、图书馆、电影院、健身房；公司食堂提供三餐。7、索菲亚培训学院，完善的培训体系。注：员工均可享受公司的各项福利，不同的办公区域、工种及职务享受福利会适当差别。地址：公司总部：广州市增城区新塘镇永宁街仙宁路3号索菲亚大厦营销中心：广州市天河区体育东路创展中心西座电商中心：广州市海珠区新港东路620号南丰汇乘车指引：（增城总部）：1、广州方向：（方法一）乘坐“广州流花车站→增城汽车站”公交车，在“朱村路口”下，转乘104路（荔城至新塘）公交车，在宁西工业园（下元村路口站）下即到；（方法二）天河体育中心乘坐到新塘的汽车，在“新塘大润发”下，到马路对面公交站乘坐104路（荔城至新塘）公交车，在宁西工业园（下元村路口站）下即到；（方法三）乘坐“广州流花车站→永和汽车站”的车，在“永和汽车站”下，转乘104路（荔城至新塘）公交车，在宁西工业园（下元村路路口站）下即到；（方法四）在天河客运站乘坐“广州天河客运站→增城汽车站”的汽车，在“朱村路口”下，转乘104路（荔城至新塘）公交车，在宁西工业园（下元村路口站）下即到。2、广州开发区（东区）方向：乘坐“566A路”公交车，途经“永和加油站”下，在“永和汽车站”转乘104路（荔城至新塘）公交车，到宁西工业园（下元村路口站）下即到。3、增城/新塘/永和方向：乘坐104路（荔城至新塘）公交车，在宁西工业园（下元村路口站）下即到。（营销中心）：地铁或公交车到体育中心站或石牌桥站下出站，到体育东路“创展中心”.关注微信公众号：索菲亚招聘平台，了解最新招聘信息！,https://www.zhipin.com/gongsi/8370935731811e531nx939s~.html,https://www.zhipin.com/job_detail/aba7d150023443601Hd83tu-FlFV.html,2024-05-14 23:18:01,"[['dotnet', 'asp.net core', 'blazor', '数据库'], ['HTML', 'CSS', 'jQuery', 'JS'], ['Linux', 'docker']]"
.NET后端开发,广州增城区东凌广场B栋631,大专,1-3年,,7-9K,计算机软件,,0-20人,,最新,全职,"2年以内经验的勿扰岗位职责：1. 根据需求文档协助完成后端模块的设计、开发任务2. 能协助处理和解决所产生的编程问题3. 具备良好的代码编写习惯以及文档编写能力任职要求：1. 熟悉.net（asp.net core6.0+，.net framework，C#）2. 熟悉SQL Server、MySQL、Redis3. 有较强的责任心，沟通能力4. 2年以上后端经验,应届毕业生勿扰；5. 熟悉winform技术的优先6. 熟悉Git代码管理工具岗位福利：1、项目提成；2、节日福利；3、五险一金。",,https://www.zhipin.com/gongsi/fd85c3fc4492fc991HRy0t-1EFQ~.html,https://www.zhipin.com/job_detail/66c9d19dc08ae4e71Hdy3Ni5GVtW.html,2024-05-14 23:18:48,"[['.net', 'asp.net core6.0+', '.net framework', 'C#', 'SQL Server', 'MySQL', 'Redis', 'winform', 'Git']]"
.NET开发工程师（初级）,深圳宝安区深圳航空公司东区运行信息楼4楼,大专,经验不限,,4-6K·13薪,计算机服务,,100-499人,B轮,招聘中,全职,"1、计算机或相关专业，统招专科及以上学历；2 、具有.ne t技术下的C/S 、B/S 架构的应用程序开发经验，熟练使用C#开发 工具，能熟练完成代码调试及编译工作；3、具有一定数据库知识,了解O ra c le 、S Q L S e rve r等至少一种数据库；4 、工作主动、积极，有团队协作精神，责任感强，并且愿意接受挑战；5、逻辑思维能力良好，具有良好的沟通表达能力，遇到问题可以提出自己的 想法和解决方案，有较强的学习欲望；6 、有良好的服务意识。工作内容：1、参与需求和设计文档的编写；2 、按照技术经理的要求完成指定功能的开发实现。",中航软信息技术(北京)有限公司于2010年09月17日成立。专注服务于民航业，为航空公司、通用航空、机场、管理局等航空企业及航空院校提供信息化咨询、开发实施、开源化推进、IT系统管理、业务流程等服务。现拥有成熟完整的航空行业产品体系，资深的业务专家和超过600人的专业技术团队，以强大的服务支持能力为基础，开源技术为核心工具，为客户提供高品质、低成本、定制化、安全可控的解决方案。※ 过硬的技术资质和产品内容超过20项航空专业产品著作权。获得国家高新、双软、CMMI3、NDC_Capable-3 of IATA、ISO9000、ISO20000、ISO27001等多项技术认证。与国内高等院校科研机构一直进行着专业技术方向的合作，保持技术创新活力。※ 专业的航空服务前身企业在民航领域深耕多年，汇聚了多位从业十余年的技术精英和业务专家，对于国内航空公司、通用航空、机场和管理局等业务运作模式和管理模式有着深度的了解，专业性在行业中拥有良好的口碑。※ 广泛、长期的合作伙伴为超过40家航空公司和航空企业提供解决方案和服务，涵盖了国内民航领域绝大多数的企业和机构。兄弟公司：国内开源技术社区平台：开源中国oschina长期合作客户：国际航空，南方航空，东方航空，海南航空，深圳航空，多彩航空，四川航空，等等。战略合作伙伴：阿里巴巴、腾讯云技术。※ 分支机构恒赢智航目前在北京、上海、广州、深圳、成都、海口、贵阳等地均设有办公地点和常驻技术团队。合理的地理布局和人员配置、灵活的管理与运营机制，为快速响应客户需求、提供高品质服务奠定了扎实基础。,https://www.zhipin.com/gongsi/9aa3c442b230678f33N72t28Eg~~.html,https://www.zhipin.com/job_detail/e95ddba04036ef3d1XB73Nq9E1BZ.html,2024-05-15 00:51:45,"[['C/S架构', 'B/S架构', 'C#', '代码调试', '编译', '数据库知识', 'Oracle', 'SQL Server']]"
ASP.NET Core 研发工程师,深圳南山区特发信息港B栋901-915,本科,5-10年,,15-30K·14薪,计算机软件,,100-499人,不需要融资,招聘中,全职,"网站后端开发（云原生应用开发）岗：岗位描述:1.参与云原生低代码平台产品研发工作，主要技术栈为 ASP.NET Core。2.负责产品的核心功能及子模块的开发。3.研究前沿的低代码平台及工具。4.团队协作推动产品迭代发布。任职要求：1.计算机技术相关专业本科及以上学历。2.熟练掌握 C# 语言，以及 ASP.NET Core 体系相关应用开发(WebAPI、RazorPages、gRPC、SignalR)。3.熟练掌握异步、多线程原理。4.熟练掌握微服务开发理念。5.熟练掌握 Git 或 SVN 版本管理工具。6.熟悉设计模式优先。加分项：1.熟悉云原生技术(Kubernetes、Istio、Dapr)加分。2.熟悉一种或多种常用前端框架(React 、Vue 、Angular)加分。3.熟悉一种或多种常用数据库(MongoDB、SQL Server、PostgreSQL)加分。关于我们：1.我们是技术研发团队，希望你是优秀技术人(能力强，或者目前能力一般但是爱学习能够快速成长)。2.我们注重代码质量，重视设计，追求最佳实践。3.我们扁平化管理，没有官僚主义职级压迫，一切为了目标而努力。4.我们不加班，高效的五天八小时工作，业余时间充电学习，工作成绩与自我能力双丰收。5.我们考核透明，规范的考核以及职级晋升制度，就像设计原则提到的:""不用找我们，我们会找你""。6.我们注重团队状态，固定日常下午茶，不定期举办大型下午茶。定期组织团建，纯玩不搞事。每年团队旅游，高标准旅游团出行，拒绝穷游。我们希望你：1.热爱技术，思维活跃，愿意不断接受新的知识，不是十年如一的码农。2.愿意接受高度的代码规范和工程设计思想，是一名创造价值的工程师，而不是售卖苦力的程序员。3.善于团队沟通协作，工作有责任心，不是一名平凡的打工人。4.是一名终身学习者，保持学习，热爱分享，技术视野开阔，对业界新技术敏感。",艾普阳科技（深圳）有限公司成立于2016年11月，是一家专门从事企业软件开发的高科技研发公司。公司从成立开始就一直致力于提供最先进的网络迁移、软件开发及移动软件开发业务。在应用互联网开发和应用企业级软件的结构性变革中，公司产品一直在技术上占据领先地位。艾普阳科技从世界领先的高新技术公司吸收出色的人才及其积累的经验，开发出了艾普阳独有的技术。艾普阳科技申请的多项知识产权，解决了互联网软件的局限性，增加了浏览器的功能，铺开了软件互联网化的必经之路。这些技术发明对企业开发与应用互联网软件的方式产生深远的影响。公司自主知识产权的旗舰软件产品通过合作伙伴和代理经销商销往全球23个国家和地区，客户遍及欧洲、美国和日本等地。,https://www.zhipin.com/gongsi/c35927aa3e733e480nJ43dq5FQ~~.html,https://www.zhipin.com/job_detail/dfbb16323588886e1Xdz2N64GFVS.html,2024-05-15 00:53:17,"[['ASP.NET Core', 'C#', 'WebAPI', 'RazorPages', 'gRPC', 'SignalR', '异步', '多线程', '微服务', 'Git', 'SVN', '设计模式'], ['Kubernetes', 'Istio', 'Dapr', 'React', 'Vue', 'Angular', 'MongoDB', 'SQL Server', 'PostgreSQL']]"
青少年科技编程/竞赛老师 全/兼职北京,北京海淀区汇博大厦汇博大厦A座,本科,1年以内,,6000-15000元/月,在线教育,,20-99人,未融资,招聘中,兼职,"工作周期：长期兼职每周工期：无要求工作时间：不限工作时段：按单安排时间结算方式：月结招聘截止时间：2025-03-13工橙院YSA 源自加拿大是一家专门从事青少年科技教育和科技竞赛的教育机构。专注提供青少年计算机科技编程，国际竞赛赛事交流等领域。 --青少年科技编程，低龄逻辑思维，以及竞赛培训授课，计算机竞赛，数学竞赛等。任职要求：1.愿意投身教育事业，有耐心和爱心与青少年学生交流；2.至少能熟练掌握以下一种语言编程：Scratch，Java, C++, Python；3.数学基础好；4. 熟悉计算机算法竞赛，有ACM， NOIP ,USACO参赛经验者优先；5. 有一定的英语阅读能力；6. 性格开朗，亲和力强，有耐心愿意与青少年学生互动，乐于辅助学生学习；7. 思想活跃，学习能力强，执行力强，高度责任感；8. 本科毕业以上，工作年限不限，欢迎大学/研究生应届优秀毕业生 优势：1.课程体系与美国加拿大同步武林广场附近2.本培训中心将给老师做相关培训3.老师将接触到前沿的科技编程内容",北京青创赢教育科技有限公司(工橙院)是一家青少年科技培训机构，现在在加拿大温哥华，多伦多，北京，上海，苏州，宁波，南京，青岛设有运营中心。工橙院专注青少年科技教育，为青少年提供国际国内科技竞赛，包括美国加拿大计算机竞赛，欧几里德数学竞赛，全国信息学奥赛。,https://www.zhipin.com/gongsi/ab7a7dba57483a3c33x42Nu-.html,https://www.zhipin.com/job_detail/9513ea0d38e8e4691Hd73NS6GVJQ.html,2024-05-15 06:04:01,"[['Scratch', 'Java', 'C++', 'Python'], ['ACM', 'NOIP', 'USACO']]"
.net程序员,深圳福田区新浩科创e站208,大专,1-3年,,5-10K,移动互联网,,20-99人,未融资,招聘中,全职,职责描述：参与服务端设计与编码工作，负责各项目的开发与维护，完善与制定各种规范必要条件：1.至少一年.NET项目经验；2.熟悉.NET架构，熟练使用C#，熟练开发B/S系统；3.掌握和了解MS SQL server，能够熟练编写T-SQL语句，对数据库原理有适当了解；4.掌握代码安全，熟悉服务器安全；5.逻辑思维能力强，具备良好的沟通协调能力，重视团队合作；优势条件：本科以上学历，计算机相关专业毕业（经验丰富或能力特别出众者不受该两项限制）。员工福利：公司不定期下午茶，生日会，每年员工旅游出行，气氛活跃。,锐诺互动成立于2006年 聚集了众多从事互联网设计领域的专业设计人才。是一家提升您品牌形象、品牌气质的专业互动设计公司。 多年来致力服务于国内外知名集团公司以及地产公司，涵盖500强、上市公司和央企国企。为近千家客户提供了创新易用的互联网解决方案，有效提升了用户体验和客户品牌价值。并引领市场不断树立新的体验标杆。我们整合商业思考，美学价值及技术实现，用设计的方法推动产品价值最大化，并与客户一起发现潜在机遇。致力于互动新媒体的全方位解决方案包括： 品牌设计、策略规划、交互创意、视觉表现、到网络营销推广的完整用户体验服务不仅为您提供卓越的设计，我们更将设计置于整个营销策略中。同类型代表客户：国企、央企企业官网 上市公司企业官网1.保利发展控股 1.万科企业2.人才安居集团 2.恒大地产集团3.碧桂园集团 3.振业集团4.龙湖集团 4.特区建发集团5.融创中国 5.光明建发集团6.万科物业 6.招商蛇口7.雪松控股 7.广交投集团8.北大资源 8.葛洲坝地产9.复兴集团 9.华远地产10.富力集团 11.金地集团更多客户,https://www.zhipin.com/gongsi/03c839f7a3dc94a11n142tS1EA~~.html,https://www.zhipin.com/job_detail/01b1dc73c4e81b100X1629m9FlA~.html,2024-05-15 00:53:39,"[['.NET', 'C#', 'B/S系统', 'MS SQL Server', 'T-SQL', '代码安全', '服务器安全']]"
金蝶K3CIoud二次开发工程师,深圳宝安区美生创谷科技创新园慧谷6楼深圳市金众诚科技有限公司,大专,3-5年,,10-15K,计算机软件,,20-99人,未融资,最新,全职,"我们需要你——1. 熟练掌握面向对象设计和开发的基本原则、设计方法和设计模式;2. 熟悉.NET框架和.NET控件的编写;3. 熟悉B/S架构的项目开发和企业级应用开发的三层架构;4. 熟悉ASP.NET、ADO.NET、WCF、Web Services编程架构;5. 熟悉基于ASP.NET的AJAX开发,熟练掌握 C# javascript编程语言;6. 熟练掌握SQL语句、存储过程、触发器精通SQLServer；数据库开发;7. 熟练使用visual studio开发环境;我们希望你有——1. 3年以上金蝶K3Cloud BOS、插件开发经验；2. 有开发售前经验；3. 能独立完成项目开发需求设计、实现。（独立完成开发项目）；4. 能熟练使用金蝶api接口，能给客户培训接口使用。你将享受到的福利——1. 月薪、补贴、项目奖、季度奖、年终奖，应有尽有；2. 实行每周五天工作制，拒绝下班高峰期；3. 按政府规定购买社会保险和住房公积金，所有员工均缴综合医保；4. 满一年五天带薪年休假，并随工龄不断增加；5. 每年至少一次公司旅游；6. 每月组织内部活动（西冲、南澳、大梅沙，烧烤、唱K、捉螃蟹等）；7. 生日贺礼、节日礼金、生育贺礼等各种礼金；8. 年！庆！大！抽！奖！",金众诚是金蝶集团授权的核心渠道合作伙伴，自成立以来，运用自身技术专业优势，以管理信息化产品服务为核心，为超过3000家企业和政府组织提供金蝶管理软件产品和服务；金众诚一直坚持以专业诚信为立身之本，为企业提供多维度的信息化咨询服务、整合一切资源提供切实可行的信息化解决方案；公司发展至今，连续获得金蝶集团评选的全国优秀渠道合作伙伴。建立了专业的方案解决中心、7*24小时的售后保障坐席、资深的专家VIP服务体系，旨在为客户提供全生命周期的企业信息化服务。,https://www.zhipin.com/gongsi/4ad4bcaaa88f4cae1nx40tq5EQ~~.html,https://www.zhipin.com/job_detail/c71927877bc1b25b1XJ83N-0GVNU.html,2024-05-15 00:54:02,"[['面向对象设计', '设计模式', '面向对象开发', '.NET框架', '.NET控件', 'B/S架构', '三层架构', 'ASP.NET', 'ADO.NET', 'WCF', 'Web Services', 'AJAX', 'C#', 'JavaScript', 'SQL语句', '存储过程', '触发器', 'SQLServer', '数据库开发', 'Visual Studio'], ['金蝶K3Cloud BOS', '插件开发', '售前经验', '项目开发需求设计', '项目实现', '金蝶API接口', '客户培训']]"
财务软件工程师,深圳南山区早安商务中心A座702,大专,1-3年,,8-11K,计算机软件,,20-99人,,招聘中,全职,"财务软件工程师任职要求：1、本科以上学历，计算机、财务、金融等相关专业；2、了解财务运作、 资金报表、合并报表、经营分析业务逻辑；3、了解后台运行逻辑,有3年以上财务模块开发经验；4、具有良好的沟通交流能力、需求分解能力和较强的抗压能力；5、熟悉c#，良好的编码和文档习惯，注重代码风格，熟悉各种设计模式和原则，能持续的关注和优化自己做的项目",,https://www.zhipin.com/gongsi/ef9c469ab066af6333J43du7Eg~~.html,https://www.zhipin.com/job_detail/0d27e744cc1f0ccd1Xx62NS-EFtS.html,2024-05-14 23:48:47,"[['计算机', '财务', '金融', '财务运作', '资金报表', '合并报表', '经营分析业务逻辑', '后台运行逻辑', '财务模块开发', '沟通交流能力', '需求分解能力', '抗压能力', 'c#', '编码', '文档', '代码风格', '设计模式', '原则']]"
C#/net,广州南沙区香港科技大学(广州)广州市南沙区笃学路1号香港科技大学（广州）行政楼西侧5,本科,5-10年,,12-16K,计算机软件,,10000人以上,已上市,招聘中,全职,岗位职责：1. 负责项目方案具体项目模块的开发与维护2. 按照项目计划、按时提交高质量代码、完成开发任务、 解决项目实施过程中出现的技术问题 职位要求：1.全日制本科以上学历，5年以上.NET开发工作经验，计算机相关专业优先；2.熟悉Visual Studio/VS Code等IDE环境及相关源代码管理工具；3.具备丰富的.Net Framework /.Net Core、 C#、 ASP.NET、 Restful以及数据库开发经验；4.熟悉web前端开发技术：HTML5、 Ajax、JavaScript、jQuery、CSS、 EasyUI、 HighCharts、 ECharts、 WebSocket等；5.熟悉敏捷开发，具备良好的编码风格和面向对象的编程思想；9.有过航空业务系统开发经验的优先,软通动力信息技术（集团）股份有限公司（以下简称“软通动力”）是中国领先的软件与信息技术服务商，致力于成为具有全球影响力的数字技术服务领导企业，企业数字化转型可信赖合作伙伴。2005年，公司成立于北京，立足中国，服务全球市场。目前，在全球40余个城市设有近百个分支机构和超过20个全球交付中心，员工90000余人。秉承用数字技术提升客户价值的使命，软通动力长期提供软件与数字技术服务和数字化运营服务，其中软件与数字技术服务包括咨询与解决方案、数字技术服务和通用技术服务；凭借深厚的行业积累，公司在10余个重要行业服务超过1000家国内外客户，其中超过200家客户为世界500强或中国500强企业。软通动力注重创新和可持续发展。公司已建设30个能力中心，拥有1个国家级工程实验室，5个省市政府认定的工程、技术实验室及研发中心，1个博士后科研工作站，50+技术合作伙伴的生态合作体系，利用多种形式鼓励研发创新，不断探索前沿技术的巨大商业应用潜力。软通动力依托自身的教育平台，开展校企合作、协同育人，为公司长期发展培养人才。软通动力雇主价值主是张信赖 奋斗与我们一同攀升信赖 是软通动力为客户创造价值和雇主与员工间彼此成就的纽带奋斗 是软通人铸就品质与创新精神、恪守持续学习准则、秉持包容开放心态、坚定价值创造信念的基石与我们一同攀升 是无数来自于不同岗位、不同业务乃至不同地域的软通人对从事的职业、专注的事业、拥有的理念而自豪的信标,https://www.zhipin.com/gongsi/c8311034740eee121nVz09S7E1U~.html,https://www.zhipin.com/job_detail/c7d107f9c701fc211HV-2d25E1BY.html,2024-05-14 23:13:03,"[['.NET Framework', '.NET Core', 'C#', 'ASP.NET', 'Restful', '数据库开发'], ['HTML5', 'Ajax', 'JavaScript', 'jQuery', 'CSS', 'EasyUI', 'HighCharts', 'ECharts', 'WebSocket']]"
软件开发工程师,广州番禺区广州道晨模具配件有限公司广州市番禺区沙湾镇福涌村沙渡公路15号之二,本科,3-5年,,12-16K,原材料及加工/模具,,100-499人,不需要融资,招聘中,全职,"职位描述1、计算机专业，4年以上相关工作经验，能熟练使用C#/.NET进行windows平台软件开发及WEB应用程序开发；精通后端与CS架构2、了解ASP.NET、JavaScript、HTML、CSS、XML及AJAX等Web开发技术;3、熟悉SQL语言，熟练掌握SQL Server等关系数据库，至少具备使用一种常用数据库的能力（SQL SERVER、mysql、Oracle、DB2等）；4、熟悉 C/S，B/S构架，可以配置IIS,Apach等服务。5、具备串口通信、TCP/UDP，及多线程编程者优先。6、良好的逻辑思维能力、理解能力，团队协作意识，较强的自我提升意识。工作要求：软件开发：参与软件系统的设计、开发、调试等过程，解决工程中的关键问题和技术难题",广州道晨智能制造有限公司筹备于2003年，公司位于广州市番禺区。专注于汽车零部件生产、智能智动化温控岛设备等的研发、生产和销售。目前公司有中高级工程师和曾在著名汽车压铸企业任职的高级技术人员多名。我司长期与相关技术院校合作并开发申请多项国家专利，为客户提供高品质高标准的产品。道晨系列产品不仅服务于国内各大汽车(丰田、本田、特斯拉、比亚迪、日产、大众等）企业，并且出口欧美、日本等。 公司目前拥有五轴加工中心4台、5轴车削中心3台、三轴加工中心22台、沙迪克慢走丝6台、米尔迪克电火花8台、德国数控磨床、德国刀具仪、美国雷顿三次元、智能机械人工作组等高端加工与检测设备。 公司以提升中国压铸工艺与压铸模具行业技术水平和创新为宗旨，打造国内外汽车零部件与智能化设备一流的科技公司,https://www.zhipin.com/gongsi/22fca18b6ab6a60e1nZ839i_GVQ~.html,https://www.zhipin.com/job_detail/497edb32245b253b1nN53N6-GFZW.html,2024-05-14 23:13:26,"[['C#', '.NET', 'Windows平台软件开发', 'WEB应用程序开发', '后端', 'CS架构', 'ASP.NET', 'JavaScript', 'HTML', 'CSS', 'XML', 'AJAX', 'SQL', 'SQL Server', '数据库', 'C/S', 'B/S构架', 'IIS', 'Apache', '串口通信', 'TCP/UDP', '多线程编程']]"
.NET,深圳南山区微软科通大厦,本科,1-3年,,10-11K,互联网,,20-99人,不需要融资,招聘中,全职,岗位职责：1、配合技术总监完成日常项目开发工作；2、完成软件的设计、实现、测试、修改bug等工作。任职要求：1、统招本科以上学历；2、精通.NET Framework及各项技术，对ASP.NET、WCF、MVC了解；3、精通Sql Server 2005各项操作及SQL语法，有独立编写存储过程，触发器等能力；4、基本的HTML/CSS/JavaScript编写能力，能在没有IDE协助的情况下独立完成；5、需要较强的逻辑分析、数据分析能力、问题排查能力；6、具有良好的沟通能力和团队合作精神。,众合联属于物联网行业，物联网被称为世界信息产业第三次浪潮，代表了新一代信息发展技术，正趋于极速发展的阶段。我司从2008年开始已经研发了物联网平台，拥有国家发明专利、香港发明专利、欧洲专利等等。我们已经拥有知名企业客户，如国酒茅台、深圳水务集团、超牌羽毛球、环球渔网等代表客户。详情可查看“公司介绍”或登陆我司官网：www.99DNA.com,https://www.zhipin.com/gongsi/7a44467d70c7011a1nZ62tq0Fg~~.html,https://www.zhipin.com/job_detail/b00f5d2d3d80894003V_0t20ElM~.html,2024-05-15 00:39:35,"[['.NET Framework', 'ASP.NET', 'WCF', 'MVC', 'Sql Server 2005', '存储过程', '触发器', 'HTML', 'CSS', 'JavaScript']]"
.NET 工程师,深圳龙华区1970文化创意产业园c511,大专,3-5年,,15-20K,计算机软件,,20-99人,未融资,招聘中,全职,.NET，C#，SQL1.计算机软件相关毕业，2年以上工作经验，从事大型软件产品开发；2.精通Asp.net或.net core开发，能编写高质量代码，文档规范，思路清晰；3.熟悉SQL Server数据库，有较强的数据库设计及SQL编写能力；4.能够读写英文文档及邮件；5.端正积极的工作态度，具备优秀的团队合作精神，和强烈的责任感。,总是有一些奇思妙想突然冒出来，让你摩拳擦掌？总是觉得自己的激情没有得到充分的燃烧？我们反对教条，喜欢有挑战的你；我们拒绝平庸，喜欢有创造性的你；加入我们，让我们一起成长。深圳市速易特科技有限公司创建于2009年，是一家专门从事电商ERP开发的软件公司。软件产品“SellingExpress”集成了Amazon、eBay、Wish、Shopify等多个平台，经过多年的努力与实践，我们已经在电商行业积累了丰富的经验，业务遍布海内外。2020年12月公司在武汉成立了新的研发中心。,https://www.zhipin.com/gongsi/b2ee3180f093ba6733B63d-9GA~~.html,https://www.zhipin.com/job_detail/77e473de6ffcea151nV_2du4EVJT.html,2024-05-15 00:40:21,"[['.NET', 'C#', 'SQL', 'Asp.net', 'net core', '数据库设计', 'SQL编写']]"
.NET(C#/WPF)开发工程师,深圳宝安区深圳市瓦力自动化有限公司9栋三楼,大专,1-3年,,7-10K,机械设备/机电/重工,,20-99人,未融资,招聘中,全职,"工作内容：1、在项目负责人带领下完成项目的设计开发工作；2、负责项目开发中的主要功能代码的实现；3、参与项目实施、维护使之保持可用性和稳定性；4、参与公司现有软件产品的维护和优化工作。岗位要求：1、大专及以上学历，软件相关专业，有2年以上软件开发经验；2、熟悉使用virsual studio 2017开发软件（C#、WPF）；3、熟练使用WPF、使用C/S架构开发应用软件，4、熟练使用SQlite，熟练使用SQL语言,具备一定的SQL优化技巧；5、熟练掌握XML,熟练使用SVN等版本控制工具,能熟练使用.NET开发工具；6、有扎实的编程功底和良好的编程习惯，注重用户体验；7、良好的沟通、领悟能力，具较强的团队协作精神和敬业精神，能够高效的完成公司的任务。8、有运动控制上位机开发经验者优先","深圳市瓦力自动化有限公司是一家专注于精密组装技术研发和应用的国家高新技术企业，为3C电子、汽车电子、半导体行业提供自动化设备和自动化装配解决方案；通过直线闭环、运控及视觉技术，集成多年行业应用经验, 为客户提供更具竞争力的工业服务。主营产品：屏蔽盖自动扣压机、辅料智能贴装机、压块取放机、异形元件插件机、 治具自动拆装机、 AOI 等。",https://www.zhipin.com/gongsi/44e8adb30c5140621nVz0tW7ElI~.html,https://www.zhipin.com/job_detail/3d493dfe9ba951ea1n1-2t-_E1BT.html,2024-05-15 00:44:33,"[['C#', 'WPF', 'C/S架构', 'SQlite', 'SQL', 'XML', 'SVN', '.NET开发工具']]"
.Net C# 软件工程师,深圳龙岗区创汇国际中心1500,大专,经验不限,,12-20K·13薪,物流/仓储,,1000-9999人,C轮,招聘中,全职,"任职资格：1、计算机及相关专业毕业，大专及以上学历；2、3年以上开发工作经验，有物流行业相关工作经验或项目经验，了解电商行业业务流程，掌握供应链、物流等行业业务知识者优先考虑；3、熟练 Visual Studio(VS)开发工具,熟练 SQL Server 、MySql 或其他数据库；4、熟练 Microsoft Visual Studio 开发环境，以及熟悉 SVN 等相应辅助开发工具，配置管理和控制；5、熟练 B/S,C/S 架构，熟悉 C#开发语言、ASP.NET、MVC、Winform、ADO.net、WebAPI、WCF、Linq 和WebServices 技术以及熟悉三层架构的开发；6、熟练 MS Sql Server、MySql 等数据库设计技术，熟悉编写存储过程、触发器、视图等技术；熟练 HTML、DIV、CSS、java""script""、Ajax、Jquery 等网络开发技术；7、熟悉 Dreamweaver、Powerdesigner 等设计工具；8、熟悉ioc、aop实现原理、mvc生命周期、.net core开发、分布式架构设计，常用的设计模式（单例，工厂等）,了解缓存、队列、多线程等技术的使用优先考虑；9、了解 http、tcp、udp 等网络协议10、思路清晰，具备较强的分析和处理问题的能力，善于与人合作、工作踏实、责任心强 、具有良好的沟通能力、有团队合作精神11、熟练常用的非关系型数据库，如redis 、 mongodb 、ElasticSearch 、cache 等主要职责：1. 负责系统功能的开发、对负责的开发模块进行单元测试；2. 持续提高质量责任模块；3. 责任模块的业务流程不断深入分析与提出改进意见。",云途物流（YunExpress）是中国领先的跨境B2C商业专线物流服务商。公司成立于2014年，总部位于深圳，聚焦电商件，为中国跨境电商企业提供优质的全球小包裹直发服务。目前云途物流在全球拥有1500余名专业的物流服务员工，设有30+集货转运中心，在中国大陆地区设有25+分公司，日均包裹订单量达100余万件，服务范围覆盖全球220+国家和地区，是Amazon、Wish、JOOM、VOVA、Shopify等国际主流电商平台重点推荐的物流服务商。未来，云途物流将继续秉持不忘初心的态度，以持续技术创新为客户不断创造价值，帮助更多中国跨境电商企业走向世界。 同时，云途物流也是“纵腾集团”旗下的服务品牌之一，关于纵腾：福建纵腾网络有限公司（简称“纵腾集团”）成立于2009年，总部位于中国深圳，以“全球跨境电商基础设施服务商”为企业定位，为跨境电商商户提供海外仓储、专线物流服务及商品分销、供应链服务等一体化物流解决方案。旗下拥有“谷仓海外仓”、“云途物流”、“纵腾冠通”、“沃德太客”等知名的服务品牌。截至目前，纵腾集团已完成多轮巨额融资，累计融资金额超过10亿元人民币，投资机构包括普洛斯，钟鼎，复星，泰康，凯辉等。为了加快构建完善的全球化跨境电商物流服务体系，纵腾集团推出了“升级”、“开放”、“跨越”三大战略部署，继续提升规模优势，链接更多合作伙伴，扩大服务范围，致力于提升贸易全球化的进阶效率，成为享誉全球的国际化物流集团。公司福利：（1）拥有开放的企业文化，提供极具竞争力的薪酬与福利；全勤奖、年终奖、项目奖金、提成等。（2）双休、入职即购买五险一金；享有带薪年假5天、法定节假日；（3）节日福利：开工利是、女神节礼物、端午节福利、儿童节亲子活动、中秋节福利、圣诞节礼物、司庆日活动、程序员节福利、春节聚餐、春节礼包等。（4）慰问福利：生日福利、结婚福利、生子福利等。（5）团建福利：团队聚餐、团队建设活动等。（6）附加福利：员工商业保险 ：意外伤残、意外医疗、意外住院津贴、意外身故、疾病身故等；员工加班福利：打车福利、餐补福利等。（7）员工俱乐部：定期举办活动赛事，培养兴趣（体育类?艺术类?文学类?休闲类等）。 深圳总部地址：广东省深圳市龙岗区创汇国际中心15-19楼（面试在15楼）,https://www.zhipin.com/gongsi/71667707b248c1dd1XFz3d27Fg~~.html,https://www.zhipin.com/job_detail/9b353e337e034a551nZz29q8E1dZ.html,2024-05-15 00:11:05,[]
crm开发,深圳南山区TCL国际E城2,大专,1-3年,,14-15K,计算机软件,,500-999人,,招聘中,全职,"必须有dynamic crm经验！没有的勿投哦，耽误您时间，谢谢~教育背景：统招大专及以上学历岗位要求：1、2年以上CRM项目实施和开发经验, 良好的团队合作精神;2、熟悉 .Net, .NET Core, Vue, JavaScript, EF, Web API, WebService等;3、熟悉 SQLServer, MySql 等数据库开发、部署、性能优化能力;4、有微软CRM等大中型网站系统架构设计及开发经验者优先；5、大型项目经验, 能够独立完成开发任务优先。6、良好的学习能力，团队协作能力，善于与人沟通，对工作认真负责，能够承担一定工作压力。职位描述：1、基于微软Dynamics CRM平台下进行.NET项目开发2、负责CRM系统功能模块的设计和开发3、负责运维问题的处理和修复",,https://www.zhipin.com/gongsi/d9fe02bcacbb9a831Xdz39i-EVA~.html,https://www.zhipin.com/job_detail/6bfa11b37b163c161HZ63dW6FFdZ.html,2024-05-15 00:11:28,"[['CRM项目实施和开发', '团队合作精神', '.Net', '.NET Core', 'Vue', 'JavaScript', 'EF', 'Web API', 'WebService', 'SQLServer', 'MySql', '微软CRM', '大型项目经验', '独立完成开发任务', '学习能力', '团队协作能力', '沟通能力', '工作认真负责', '工作压力']]"
.net,深圳龙岗区星河COCOPark(坂田店)A2201,大专,3-5年,,12-15K,专利/商标/知识产权,,0-20人,,招聘中,全职,1、功能开发。2、服务器维护。3、解决技术难题。,,https://www.zhipin.com/gongsi/296eb6cc680baae21nV62ti6EFc~.html,https://www.zhipin.com/job_detail/e5bb1608fe692d183nZ52NS1FVI~.html,2024-05-15 00:11:51,"[['功能开发', '服务器维护', '解决技术难题']]"
asp.net全栈开发工程师,深圳龙华区星河传奇商厦11,学历不限,经验不限,,10-15K·24薪,电子商务,,20-99人,,招聘中,全职,"招聘net全栈开发工程师，前端后端开发工程师。。（有独立二次前后端开发能力）后端开发工程师asp.net等开发工程师asp.net,c#.php....前端也要有经验。有开发项目经验者优先,技术过硬者优先。",,https://www.zhipin.com/gongsi/7985166adf4067671HZ_3N20FA~~.html,https://www.zhipin.com/job_detail/527829f3c7b71d790Xd-39y0GVI~.html,2024-05-15 00:12:13,"[['net', '全栈开发', '前端', '后端', '二次前后端开发', 'asp.net', 'c#', 'php']]"
ASP.NET程序员,深圳龙岗区万国城B座1711,学历不限,1-3年,,6-9K,计算机软件,,0-20人,未融资,招聘中,全职,1.asp.net+MVC，.Net Core后端开发。2.数据库sql serve/my sql，熟悉设计和开发3.前端要会开发，jquery，VUE4.理解沟通能力强，会发散性思维，能举一反三，善于思考。5.创业公司，机遇和挑战并存。必须要有实际项目开发经验,,https://www.zhipin.com/gongsi/16395bb5e321fb5c0HZy3d-0Eg~~.html,https://www.zhipin.com/job_detail/0c37b34f721f88041X1y29y5EFRX.html,2024-05-15 01:26:46,"[['asp.net', 'MVC', '.Net Core'], ['数据库', 'sql serve', 'my sql', '设计和开发'], ['前端', '开发', 'jquery', 'VUE'], ['理解沟通能力强', '发散性思维', '能举一反三', '善于思考'], ['实际项目开发经验']]"
开发工程师,深圳龙岗区华南城电子交易中心P07栋128号,本科,5-10年,,16-30K,电子商务,,500-999人,未融资,最新,全职,【技能要求】1.精通.Net（C#），良好的OOD、OOP、DDD等基本功和代码洁癖；2.熟悉关系型数据库和非关系型数据库使用(精通MSSQL/Redis)；3.熟悉MQ原理和使用（RabbitMQ、ActiveMQ、Kafka等）；4.具有良好的代码和文档编写能力；工作认真负责，学习能力强，能够在短时间内承担公司项目开发工作；有强烈的事业心和责任心，具有良好的团队合作精神 【任职资格】1.本科（含）以上学历，计算机相关专业，五年以上.NET开发经验；2.有责任心、主动性强：主动挖掘潜在问题，寻找适当机会，并采取必要的措施应对机遇与挑战。3.思维能力：面对非常棘手的问题，能够恰当地运用已有的概念、方法、技术等多种手段，分析问题产生的原因，找出最有效的应对解决办法,深圳市华杰科技有限公司，总人员近1000人，主要有服装独立站，亚马逊、wish、ebay、速卖通、shopee、lazada等跨境电商平台、全球市场，精品模式为主；华杰科技是一家外贸电商行业的高新企业，同时在广州、郑州设有分公司；在欧洲设有物流中心，经营产品囊括消费类电子系列、户外运动类、服装饰品类、3C数码类、家居类、美妆个护等。业务发展涉及多个电子商务平台。除公司自有的外贸B2C服装独立网站外，还涉及Ebay、亚马逊、速卖通、Wish、shopee、lazada等多个第三方国际平台。秉承拼搏、务实、极致、共赢的企业文化，将业务扩展到200多个国家和地区；【公司福利】：1、正式员工每年享有年度调薪机会；提供4个月免费住宿；2、弹性工作时间：双休，一周只上五天；3、完善的保险制度：入职即购买五险一金，深圳综合一档；4、下午茶生日会：享受每两周一次丰盛下午茶，以及丰富多彩的生日会；5、完善的培训体系：良好的内、外部培训机制，为每一位员工实现和成就自我创造条件；6、丰富文化活动：公司有免费组织足球队、羽毛球队、篮球队、舞蹈队以及各种语言角，下班后可参加丰富多彩的团队活动；7、公司氛围宽松：年轻化团队，舒适、宽松的办公环境，积极、快乐、宽松的工作氛围；8、正常享受国家法定节假日，以及带薪年假。,https://www.zhipin.com/gongsi/9a5400c76b8eea2c1nZ-2N6_E1s~.html,https://www.zhipin.com/job_detail/a9f44afb936ba8b01HB729W5F1RY.html,2024-05-15 01:26:01,"[['.Net', 'C#', 'OOD', 'OOP', 'DDD', 'MSSQL', 'Redis', 'RabbitMQ', 'ActiveMQ', 'Kafka', '代码洁癖', '代码和文档编写能力', '工作认真负责', '学习能力强', '团队合作精神']]"
dynamics crm开发,深圳南山区TCL科学园国际E城f2,大专,1-3年,,17-25K,智能硬件,,10000人以上,不需要融资,招聘中,全职,"岗位概述 1、基于微软Dynamics CRM平台下进行.NET项目开发2、负责CRM系统功能模块的设计和开发3、负责运维问题的处理和修复教育背景要求(大专及以上学历)工作经验(1、2年以上CRM项目实施和开发经验, 良好的团队合作精神;2、熟悉 .Net, .NET Core, Vue, JavaScript, EF, Web API, WebService等;3、熟悉 SQLServer, MySql 等数据库开发、部署、性能优化能力;4、有微软CRM等大中型网站系统架构设计及开发经验者优先；5、大型项目经验, 能够独立完成开发任务优先;)知识与技能(1、2年以上CRM项目实施和开发经验, 良好的团队合作精神;2、熟悉 .Net, .NET Core, Vue, JavaScript, EF, Web API, WebService等;3、熟悉 SQLServer, MySql 等数据库开发、部署、性能优化能力;4、有微软CRM等大中型网站系统架构设计及开发经验者优先；5、大型项目经验, 能够独立完成开发任务优先;)其他(良好的学习能力，团队协作能力，善于与人沟通，对工作认真负责，能够承担一定工作压力",TCL创立于1981年，前身为中国首批合资企业之一——TTK家庭电器(惠州)有限公司，最初从事磁带的生产制造，到布局智能终端产品、半导体显示、半导体光伏及半导体材料、产业金融及投资平台等领域，业务范围不断拓展。1999年，TCL率先进军越南市场，迈出中国企业“走出去”的重要一步，至今已在全球布局42个研发中心、10家联合实验室、32个制造基地，业务遍及全球160多个国家和地区，成为具有全球影响力的领先企业。 2019年，TCL完成资产重组，拆分为TCL科技集团股份有限公司（简称“TCL科技”）和TCL实业控股股份有限公司（简称“TCL实业”），聚焦各自主业发展。TCL实业聚焦智能终端产品及服务，旨在以全品类智慧科技产品服务全球用户。 TCL实业旗下智能终端业务以智慧显示为核心，构建AI×IoT的全场景智慧健康生活，带动全品类业务全球发展。2021年TCL智屏销售量1706万台，稳居全球前三，其中高端产品量子点智屏及Mini LED智屏销量分别同比增长76.5%及116%。空调、冰箱、洗衣机等终端产品销量稳步增长。未来，TCL 实业将进一步扩大全产业链一体化协同优势，构建新的品牌和营销竞争力，实现重点市场突破，提升智屏等智能终端产品的市场份额。,https://www.zhipin.com/gongsi/8bba7a9bcffd05620XN80t-9GA~~.html,https://www.zhipin.com/job_detail/6c6b90a9cabde5ab1HZ-0tm0ElJQ.html,2024-05-15 01:26:23,"[['.NET', '.NET Core', 'Vue', 'JavaScript', 'EF', 'Web API', 'WebService', 'SQLServer', 'MySql']]"
大模型应用研发,北京元中心7号楼,本科,3-5年,,30-50K·14薪,互联网,,10000人以上,已上市,招聘中,全职,职位描述1.负责数据服务、数据问答（AI Copilot）应用相关产品的架构设计和开发2.针对重点项目和场景，提供针对性的技术解决方案，保障交付质量3.参与数据智能化方向前沿技术的预研，探索验证在小米落地的场景职位要求1.计算机、数学等相关专业，本科以上学历，3年以上工作经验2.具备扎实的计算机基础知识，精通Python，C++语言，熟悉Linux系统3.具备一定的大模型的性能优化经验，有AI Copilot类应用开发经验者优先4.具备优秀的独立分析，动手解决问题的能力，良好沟通表达能力,,https://www.zhipin.com/gongsi/30cf71841a62f78e1nZ63ti_Elo~.html,https://www.zhipin.com/job_detail/b390ef1916ae49661HB73ty6F1FQ.html,2024-05-15 04:53:30,"[['数据服务', '数据问答', 'AI Copilot', '架构设计', '开发', '技术解决方案', '交付质量', '数据智能化', '前沿技术', '预研', '验证', '小米落地'], ['计算机', '数学', '本科以上学历', '3年以上工作经验', '计算机基础知识', 'Python', 'C++', 'Linux系统', '大模型性能优化', 'AI Copilot类应用开发', '独立分析', '动手解决问题', '沟通表达能力']]"
Python,北京朝阳区华业·玫瑰郡八里庄北里128号楼底商一层23,本科,1-3年,,15-16K,医疗服务,,0-20人,B轮,招聘中,全职,工作有责任心，认可公司企业文化Python岗位职责和任职要求岗位职责：1. 负责Python项目的开发和维护，包括需求分析、设计、编码、测试和上线等环节；2. 参与团队技术交流和分享，提升团队技术水平；3. 负责解决项目中的技术难题，保证项目进度和质量；4. 参与产品需求讨论，提出技术方案和建议。任职要求：1. 熟练掌握Python编程语言，熟悉Python Web开发框架（如Django、Flask等）；2. 熟悉MySQL、Redis等数据库，有良好的数据库设计和优化能力；3. 熟悉Linux操作系统，能够熟练使用常用命令和工具；4. 具备良好的团队合作精神，能够有效沟通和协作；5. 具备较强的学习能力和解决问题的能力，能够快速适应新技术和新环境；6. 具备本科及以上学历，计算机相关专业优先。以上是Python岗位的职责和任职要求，如果您符合我们的要求，欢迎您加入我们的团队。,,https://www.zhipin.com/gongsi/8e67bb86d86ed9991HZ82d65EFU~.html,https://www.zhipin.com/job_detail/52c91b0329cea2b71HB62dS0GVFT.html,2024-05-15 04:53:53,"[['Python', 'Django', 'Flask', 'MySQL', 'Redis', 'Linux', '数据库设计', '数据库优化']]"
.net开发工程师,深圳龙华区龙胜大厦5楼506,大专,1-3年,,10-15K,互联网,,20-99人,不需要融资,招聘中,全职,后端开发岗位！前端和测试岗勿投！岗位要求：1、计算机及相关专业大专及以上学历，有两年以上基于.NET实际开发经验；2、熟悉.NET Framework框架，熟练使用Visual Studio，能独立开发项目；3、熟悉sql数据库，熟练使用数据库的视图、存储过程、触发器等各种数据库功能；4、熟悉JavaScript、Ajax、jQuery、HTML5、CSS3、XML、JSON等相关技术；5、具备良好的逻辑思维和分析能力，学习能力良好，有良好的团队意识，责任心强；6、拥有根据用户需求独立设计和开发功能模块的能力，具备至少一个完整的项目研发经验（会软硬件 或者有做过APP商城经验优先）。7、精通前后端技术的优秀人才，待遇可谈。岗位职责：1、熟悉微信平台接口及微信小程序、微商城功能研发；2、根据项目需求，完成功能的开发工作，并快速修复代码的BUG，以保质、保量、按时提交需求处理结果；3、 审核自己所负责实现功能的测试用例，反馈不合理设计和完善建议；4、 独立开发能力强、沟通能力强、工作认真负责、能够承受工作压力、具有团队合作精神；5、 完成领导交办的其他工作。公司薪酬福利：1、福利待遇：社会保险按规定为员工购买社保（养老、医疗、失业、工伤、生育）；2、有薪假期：法定节假日、婚假、生育假、陪产假等有薪假期；3、节日慰问：端午节、中秋节，公司将发放员工节日福利；4、团队氛围：不定期下午茶、外出旅游、聚餐、文娱活动（团队文体活动、春节联欢、拓展训练等）；5、晋升空间：良好发展空间，多元化职位晋升通道，公司优选内部员工竞聘各空缺职位，能力决定你的高度；公司薪酬福利：风里雨里，我在域网等你，域网大家庭欢迎你的加入！工作地址：深圳市龙华新区工业路龙胜大厦5楼506,域网集团是国内专业的企业电子商务发展服务商，总部在厦门软件园，是中国互联网信息中心CNNIC认证的地址资源注册商专注于为企业、机构和个人提供互联网营销解决方案和专业化信息服务。域网拥有优秀的研发、销售和客服团队针对不同类型和不同发展阶段的企业信息化需求，域网科技提供网站建设、行业门户平台开发、商城开发、手机APP开发、关键词seo优化推广、sem付费搜索引擎优化、新媒体推广、软文营销、网络公关、域名注册、可信网站认证、服务器购置、企业邮箱、400电话等信息化产品，使企业可在低成本、高效率的前提下快速建立自己的网络营销平台。 服务宗旨——以客户为中心，以技术为基础，以质量求生存，以诚信谋发展。 选择域网，选择全方位网络营销专业供应商！,https://www.zhipin.com/gongsi/022149ed6f0c3d9d1nF-0926Eg~~.html,https://www.zhipin.com/job_detail/d4be74dac29264221nd43Nu6EVZV.html,2024-05-15 00:37:19,"[['.NET Framework', 'Visual Studio', 'SQL数据库', '视图', '存储过程', '触发器', 'JavaScript', 'Ajax', 'jQuery', 'HTML5', 'CSS3', 'XML', 'JSON'], ['微信平台接口', '微信小程序', '微商城功能研发', '功能开发', '代码BUG修复', '测试用例审核', '不合理设计反馈', '独立开发能力', '沟通能力', '工作认真负责', '工作压力承受', '团队合作精神']]"
.NET，C#高级工程师,深圳光明区中集智园大厦A座1206,大专,5-10年,,18-23K,仪器仪表/工业自动化,,100-499人,未融资,招聘中,全职,"1.精通金蝶BOS平台开发，能高效开发云星空不同类型的插件，2.大专及以上学历，计算机相关专业，3.有良好的的编程习惯；4.熟悉SQLServer,数据库，具备数据库性能調优；5.精通.NETFramework架构.",爱合发工业传动科技（广东）有限公司，是深圳合发齿轮2018年成立的全资子公司，主要生产销售iHF标准件，包含齿轮、同步带轮、同步带、丝杆、导轨、链轮、链条、联轴器、支撑座等系列产品。爱合发本着“专注于传动领域发展”的宗旨，不断拓展传动领域标准品类，服务于广大的中小型客户，做“精度与速度提供者”。公司引入了日本马扎克数控车床、哈迈硬齿面滚齿机、美国立式加工中心等先进设备，为产品精度保驾护航；配置了日本TT|齿轮检测仪，齿形轮廓投影测量仪、海克斯康三坐标等一些列精密齿轮检测设备，品质把控严格。多年的技术沉淀，掌握国际通用20多种齿形，上万种规格，可满足客户不同型号需求；2020年12月，合发集团被授予“机械工业同步带轮工程技术研究中心”单位；同时成为全国带轮与带标准化技术委员会委员单位。爱合发依托总部二十多年齿轮制造底蕴，以“保障品质、缩短交期”为目标，设立标准品专用车间，畅销型号批量备货，能快速响应客户急单、大单需求；协助解决“产品质量越来越高、产品交期越来越短”的痛点问题，助力制造业健康发展。爱合发追求精，准，快的理念，产品和服务深受客户信赖，不但供应全国各地的客户，而且远销欧美各地，在提供标准品服务的同时，也竭诚向客户提供更多，精细的个性化服务，打造成为屿立百年，影响全球的传动企业。,https://www.zhipin.com/gongsi/a7d7cd6861931e1d1nd629q9EVU~.html,https://www.zhipin.com/job_detail/912f5f0e8cb205af1Xd-09q7FVRS.html,2024-05-15 00:39:12,"[['金蝶BOS平台开发', '云星空插件开发', 'SQLServer', '数据库性能调优', '.NETFramework架构']]"
.NET开发工程师,深圳南山区万融大厦C座7楼,本科,5-10年,,15-20K,互联网,,100-499人,A轮,最新,全职,1、根据项目、产品的开发进度和任务分配，开发符合系统要求的相应软件模块；2、理解基本的业务需求，并根据设计文档、需求说明完成相应模块的开发任务；3、对自己完成的功能，进行功能测试，查出功能存在的缺陷并保证其质量；4、进行软件的一些维护工作；任职要求1.统招本科及以上学历（能力强者可放开学历限制），计算机或软件相关专业。2.3年及以上.NET开发经验，熟练C#语言，熟练常用设计模式；3.熟练.NET Core、EntityFramework Core等框架；4.熟练MySql数据库；5.熟练Linux常见操作命令6.熟练Docker容器常见操作命令7.熟练Kubernetes(k8s)管理容器集群常见操作命令上班时间：8：30-18：00 周末双休。,敢为软件在万物互联、行业应用、大屏可视化及自然交互等方面形成完整的闭环，是物联网领域连接能力最强、应用领域最广、用户体验最好的高科技公司。 在万物互联方面，我们提供业界最强大的物联网PaaS平台，依托独特的物联网胶水与社会化自组网技术，完美融合边缘计算、本地计算和云计算，快速从底层融合各种传感信息和第三方系统，彻底革新物联网碎片化的现状。在行业应用方面，我们在万物互联的基础上又提供强大的应用层零代码/低代码平台，可以快速制定各种业务逻辑和交互界面，极大提升相关行业的生产效率。在大屏可视化及自然交互方面，我们提供炫酷的用户界面、巨屏多窗口融合、多屏互动、多工作站实时协同渲染等技术以及自然语音、多点触控、体感交互、增强现实、全息影像等多维度的交互模式，带给用户科幻般的临场体验。 敢为软件在智慧建筑、智慧园区、数字能源、工业互联网、智慧交通、智慧环保、智慧水务、智慧城市等众多领域提供全面的解决方案，迄今已面向全球客户服务了3000多个项目，深受客户好评。 敢为软件基于多年技术积累，面向开发者推出了物联网领域唯一的一站式开发平台——敢为云，以极致的性价比和强大的技术生态能力赋能千行百业，帮助客户快速实现数字化、智能化的转型升级。 未来已来，智慧时代。我们期望与各行业的合作伙伴紧密携手，发扬敢为天下先的精神，共创美好未来。,https://www.zhipin.com/gongsi/3d301533999e99611nZ52tm_FA~~.html,https://www.zhipin.com/job_detail/605873fa57b144801HF72dS9EVQ~.html,2024-05-15 00:39:59,"[['C#', '设计模式', 'NET Core', 'EntityFramework Core', 'MySql', 'Linux', 'Docker', 'Kubernetes']]"
RPA中级开发工程师,深圳南山区南园枫叶大厦12D,大专,1-3年,,10-15K,计算机软件,,0-20人,未融资,招聘中,全职,RPA中级开发工程师1.计算机或者理工科专业2.熟悉C#开发过程和方法；对设计和编程有良好的理解；3.熟悉Python的开发4.1-3年UiPath或UiBot项目工作经验 熟练使用RPA企业框架，并针对不同的场景进行修改5.熟练控制台的各项配置、API接口的使用6 有良好的开发代码规范，善于使用异常处理，保证流程稳定运行加分项：独立设计RPA框架、JavaScript、VBA【工作内容】1、了解用户需求和功能规范；2、负责开发UiPath或Uibot 流程的开发；3、及时沟通解决方案和开发进度；【公司介绍】佳昊创想（深圳）科技有限公司主营为用户提供企业运营流程诊断分析、改造优化、自动化智能化解决方案设计、开发集成服务、技术培训，软硬件产品销售与服务于一体化的科技型、专业服务型高科技公司。以合伙人模式聚集一批国内早期（2018年）专注于RPA+AI技术转接、业务流程专家、软件架构师、资深开发工程师精英团队组成，在行业内苦心经营钻研多年，积累了丰富的经验与技术，聚集了众多的优质客户资源，先后服务于喜之郎、大众一汽、东方日产、洲明科技、百威集团、萨克米、百世可乐、高露洁、证券公司、广百集团、大型地产等众多大中型客户项目。经营宗旨：日渐精进，不断创新的提炼更好的解决方案，用最高效、专业、规范的方法经营管理公司，服务于客户，帮助用户成功，实现自我价值。企业文化：以奋斗者为本、专业务实；坚持（员工、用户、企业）双赢、相互成就！经营模式：公司为优秀人才提供了完善的晋升发展机制，根据企业职员业绩、司龄、专业能力、发展潜力等各项考核指标周期性选拔优秀杰出人才，给与核心员工、分红股东等机会，让每位员工都能够分享公司的收益，共同为企业发展拼搏。,佳昊创想（深圳）科技有限公司主营为用户提供企业运营流程诊断分析、改造优化、自动化智能化解决方案设计、开发集成服务、技术培训，软硬件产品销售与服务于一体化的科技型、专业服务型高科技公司。以合伙人模式聚集一批国内早期（2018年）专注于RPA+AI技术转接、业务流程专家、软件架构师、资深开发工程师精英团队组成，在行业内苦心经营钻研多年，积累了丰富的经验与技术，聚集了众多的优质客户资源，先后服务于喜之郎、大众一汽、东方日产、洲明科技、百威集团、萨克米、百世可乐、高露洁、证券公司、广百集团、大型地产等众多大中型客户项目。经营宗旨：日渐精进，不断创新的提炼更好的解决方案，用最高效、专业、规范的方法经营管理公司，服务于客户，帮助用户成功，实现自我价值。企业文化：以奋斗者为本、专业务实；坚持（员工、用户、企业）双赢、相互成就！经营模式：公司为优秀人才提供了完善的晋升发展机制，根据企业职员业绩、司龄、专业能力、发展潜力等各项考核指标周期性选拔优秀杰出人才，给与核心员工、分红股东等机会，让每位员工都能够分享公司的收益，共同为企业发展拼搏。,https://www.zhipin.com/gongsi/0c5e0ad123f8f2001Xd93920E1M~.html,https://www.zhipin.com/job_detail/428ffbbb9674a1a31XN_3tW0FFBX.html,2024-05-15 00:41:06,"[['C#', 'Python', 'UiPath', 'UiBot', 'RPA企业框架', 'API接口', '异常处理', 'JavaScript', 'VBA']]"
RPA开发工程师,深圳南山区北京航空航天大厦2号楼1009-1010,本科,3-5年,,13-22K,计算机软件,,1000-9999人,未融资,招聘中,全职,"工作内容1.在RPA项目实施中，完成RPA的程序开发、测试；2.在开发过程中，确保产品的功能、性能和拓展满足交付条件；3.对已上线的RPA流程进行有效、及时地维护和升级，完成相关技术文档的编写，做好客户沟通与培训；4.完成上级交付的其余合理工作。任职要求：1.本科学历，3年以上软件开发经验,掌握至少一种编程语言，例如 C#、.NET、Python、Java、VB、VBA、SQL等技术；2.具备2-3年RPA项目开发经验，熟悉使用RPA常用工具，如BluePrism，Automation Anywhere或UiPath；3.出色的问题分析和解决能力；4.熟悉软件开发流程和方法；5.中英文沟通表达能力良好；6.抗压能力强，自身职业发展驱动力强，愿意接受出差；7.良好的团队合作精神和自学能力。",翰智集团成立于2004年，目前总部在广州。依托在信息化建设和软件开发的专业优势和强大的技术力量，联合阿里云、UiPath、用友网络等战略合作伙伴，为企业提供从咨询规划、数字化管理平台建设、软件定制、IT技术服务等一站式综合服务，在智慧财税、业财税共享、人力共享、RPA智能机器人、商业智能、智能制造、数字营销、智慧教育等领域为提供一体化解决方案。 公司一直致力于探索创新应用，在自有产品体系研发方面目前累计开发的成果达100多项。目前在广州、深圳、中山、东莞、佛山分别设立子公司。 翰智集团注重人员发展与成长，人员规模超过1000人，汇集了一批专业的实施、开发、运维服务团队，拥有一支懂业务的复合型团队，团队成员具有资深的从业经验，其中从业经验达5-10年的占35%，10年以上占25%，专业服务水平进一步保障了优质的服务水平。 在数字智能化的科技浪潮下，翰智一直坚持融合创新，持续改进，以信息技术助力企业转型，加速企业数字化进程。我们诚邀优秀人才加盟，携手共创数字化未来！官网：http://www.hanzhigroup.cn,https://www.zhipin.com/gongsi/e551b98967de19731nZ-3NS-EFs~.html,https://www.zhipin.com/job_detail/90c63c673d6e3cf11nBy3t66FVFU.html,2024-05-15 00:41:30,"[['RPA程序开发', 'RPA程序测试', '功能', '性能', '拓展', '维护', '升级', '技术文档编写', '客户沟通', '培训', 'C#', '.NET', 'Python', 'Java', 'VB', 'VBA', 'SQL', 'BluePrism', 'Automation Anywhere', 'UiPath', '问题分析', '解决能力', '软件开发流程', '方法', '中英文沟通', '表达能力', '抗压能力', '职业发展驱动力', '出差', '团队合作精神', '自学能力']]"
net开发工程师,深圳南山区深圳软件园1期3栋502,大专,1-3年,,8-10K,计算机软件,,0-20人,,招聘中,全职,"1、大专及以上学历，计算机相关专业，1年以上工作经验；2、熟悉Asp.Net开发环境，了解.Net Core,ORM软件开发；3、了解Angular或Vue、HTML 等前端框架；4、熟练使用MySql，熟悉SqlServer等主流数据库产品；5、有Mqtt、RabitMQ、Redis、Mongodb开发经验佳；6、能按照规范的软件开发流程，完成软件的编码和自测工作7、热爱计算机软件开发，具有很强的自学能力；8、良好的团体合作精神。",,https://www.zhipin.com/gongsi/0bb06d86850067c71XR83NW9EVA~.html,https://www.zhipin.com/job_detail/86c925d7337bbb911XV_3ti4EVJY.html,2024-05-15 00:48:40,"[['Asp.Net', 'ORM', 'Net Core', 'Angular', 'Vue', 'HTML', 'MySql', 'SqlServer', 'Mqtt', 'RabbitMQ', 'Redis', 'Mongodb']]"
.net工程师,深圳龙华区罗屋围第一工业区A栋802,学历不限,1-3年,,10-15K,智能硬件,,20-99人,,招聘中,全职,"1、熟悉HTTP、WebService、WCF、RPC、WebSocket等协议2、熟悉软件工程，掌握面向对象分析与设计方法；3、熟悉.NET平台技术（C#、Winform、WPF等）4、有winform,wpf相关的使用经验优先5.熟悉TCP/IP通讯协议6.熟悉VS2010 IDE工具使用，熟悉SVN版本库使用",,https://www.zhipin.com/gongsi/258fde45be081ba11nZy09-4Flo~.html,https://www.zhipin.com/job_detail/d7759faca7560c181nBz3du-FltU.html,2024-05-15 00:49:03,"[['HTTP', 'WebService', 'WCF', 'RPC', 'WebSocket'], ['软件工程', '面向对象分析与设计方法'], ['.NET平台技术', 'C#', 'Winform', 'WPF'], ['winform', 'wpf'], ['TCP/IP通讯协议'], ['VS2010 IDE工具', 'SVN版本库']]"
.NET开发工程师,深圳罗湖区宝安广场A座21楼CD室,本科,经验不限,,5-9K,计算机软件,,20-99人,,招聘中,全职,"要求：非常熟悉c#或vb.net，对gis,cad,bim二次开发熟悉的优先",,https://www.zhipin.com/gongsi/eb43996868a496580XF539m_EA~~.html,https://www.zhipin.com/job_detail/29fd5d3cb46e4e7e1XV_3dq-F1RQ.html,2024-05-15 00:50:13,"[['c#', 'vb.net', 'gis', 'cad', 'bim']]"
.net/c#开发工程师,深圳宝安区稻兴环球科创中心A座2315,本科,1-3年,,9-14K,在线教育,,20-99人,A轮,招聘中,全职,1、主要能够进行已有项目维护；2、按照项目管理流程，参与研发部门的总体设计评审；3、进行金融应用系统详细设计、代码开发，配合测试，高质量完成项目；4、参与技术难题攻关、组织技术积累等工作。任职资格：1、一年以上开发经验，有企业级应用开发经验；2、熟练.NET/C#编程，有三层框架的实际项目经验，熟练使用VS2012等开发工具；3、熟悉jquery、ajax、JavaScript等相关技术；4、熟悉SQL性能调优以及复杂存储过程编写；5、具备金融行业应用系统开发经验优先；6、有良好的代码书写、注释和单元测试习惯，熟练运用多种软件设计模式；7、具备良好的小组协作沟通能力、较强的责任心及团队合作精神。,天择教育科技定位以“科技服务教育”为发展战略，致力于我国科技金融教育的应用发展，全面打造人工智能金融平台，公司拥有一批来自于上市公司高管、基金公司、投资银行、互联网科技企业及高等院校的专业人才队伍，硕士类金融科技专业人才占比60%以上。,https://www.zhipin.com/gongsi/87b099e034b8a79f1nB53NS8EQ~~.html,https://www.zhipin.com/job_detail/4aab52a2231320ca1nV52965FVdZ.html,2024-05-15 00:52:08,"[['.NET/C#', '三层框架', 'VS2012', 'jquery', 'ajax', 'JavaScript', 'SQL性能调优', '复杂存储过程', '金融行业应用系统开发', '代码书写', '注释', '单元测试', '软件设计模式', '小组协作', '沟通能力', '责任心', '团队合作精神']]"
.NET,深圳龙岗区大运软件小镇27栋305-306,本科,3-5年,,11-15K·13薪,互联网,,20-99人,未融资,招聘中,全职,岗位职责：1. 负责公司自研系统后端研发工作；2. 参与核心代码的研发，解决各类技术疑难问题；3. 确保项目目标的实现，准时、优质地完成全部工作。任职要求：1. 计算机科学与技术、软件工程、信息管理与信息系统等相关专业毕业；2. 精通.NET MVC框架和C#开发语言，熟练运用泛型、Linq等C#语言特性，熟悉B/S，C/S结构开发原理；3. 精通Asp.Net Core 开发技术，熟悉生命周期及中间件原理，熟悉IOC及AOP工作原理；4. 精通EntityFramework Core 及 Dapper开发技术；5. 精通SQL语言，对 SQL Server 或 MySql 数据库有实践经验；6. 熟练掌握HTML、CSS、JavaScript，有使用基于jq的UI框架经验；7. 熟练掌握Vue、React、Angular(任意一种)等WEB技术；8. 掌握面向对象开发思想，熟悉多层架构，有良好的编程习惯；9. 具备良好的沟通能力和团队合作精神；10.有制造业ERP系统开发经验者优先考虑。,鲸座科技（深圳）有限公司，是企业数字化转型全面服务提供商，提供涵盖企业信息化建设全生命周期（规划、实施、定制开发、运维、升级等）的交付服务。鲸座科技的交付产品依托国际领先的企业管理软件系统，助力客户实现业务发展优化改革，实施产品涵盖了企业管理信息化几乎所有主要领域，产品包括CRM、EAM、ERP、HR、EPM、PLM、SRM、WMS、QMS、MES等。鲸座科技有强大的技术服务能力，提供包括技术开发、系统集成、系统升级、大数据分析、云计算与运营服务等等涵盖企业前中后台全面的信息技术服务。 我们的使命是帮助企业实现数字化转型，以信息化手段帮助客户提高组织的运营效率、效益与竞争能力，实现客户价值。 深圳市得宝易科技有限公司是鲸座科技（深圳）有限公司的母公司，2001年成立于广州；2007年深圳市得宝易科技有限公司成立。深圳市得宝易科技有限公司是全球系统软件开发商Infor公司ERP软件产品的指定代理商和良好的合作伙伴，主要业务是从事企业信息系统的咨询与规划、开发与实施、支持与服务，在中国具有超过十年的ERP实施经验。公司的客户分布在多个行业：光电、电子、五金模具、机械制造、塑料制品、家电生产与销售。曾荣获：e-worksInfor ERP:2008年度中国制造业管理信息化优秀推荐产品Infor SCM:2008年度中国制造业管理信息化优秀推荐产品2008年度中国制造业管理信息化杰出供应商Infor ERP:2007年度中国制造业管理信息化优秀推荐产品Infor FMS:2007年度中国制造业管理信息化优秀推荐产品2007年度中国制造业管理信息化杰出供应商ERPworld2009 2008十大年度国际厂商2007十大年度品牌厂商Infor亚太区总裁陈源瀚先生：2008十大年度风云人物Infor ERP: 中国ERP（企业资源计划）领域十强国际软件商Infor EAM: 中国EAM（企业资产管理）领域五强软件商Infor SCM: 中国SCM（供应链管理）领域十强软件商Infor SOA：中国SOA企业应用十强软件商《e制造》2008年度编辑推荐奖《软件世界》Infor Open SOA获得2008年度SOA平台金软件《中国制造业信息化》2008中国制造业信息化风云榜“管理创新支撑”奖www.cetione.comwww.doublee.com.cn,https://www.zhipin.com/gongsi/ea91f6123899dac71nF_0t20FA~~.html,https://www.zhipin.com/job_detail/5ca4dd31111d734b1nF92t-5EVJW.html,2024-05-15 00:47:32,"[['.NET MVC', 'C#', '泛型', 'Linq', 'B/S', 'C/S', 'Asp.Net Core', '生命周期', '中间件', 'IOC', 'AOP', 'EntityFramework Core', 'Dapper', 'SQL', 'SQL Server', 'MySql', 'HTML', 'CSS', 'JavaScript', 'jq', 'Vue', 'React', 'Angular', '面向对象', '多层架构']]"
.NET,深圳福田区深福保大厦21层,大专,1-3年,,8-13K·13薪,计算机软件,,0-20人,,招聘中,全职,"1．岗位职责（1）根据需求完成系统开发，包括分析，规划，设计，编码，测试和文档（2）参与软件产品后端业务逻辑代码开发（3）编写软件相关文档，能独立完成设计文档的编写2．岗位要求（1）全日制统招大专及以上学历，计算机、软件工程等相关专业（2）精通C#及.net framework, 精通WINFORM 及 WebAPI开发技术（3）熟悉面对对象编程和B/S，C/S结构（4）熟悉常用SQL语句，熟悉MS SQLSERVER（5）逻辑清晰、工作积极、善于学习、良好的沟通表达能力、有很强的责任心和团队合作精神（6）熟悉租车行业或熟悉ERP软件的可优先考虑",摩快云是一款可实现多种企业应用的设计平台，您无需具备技术开发能力，即可快速构建企业专属应用。摩快云提供自主研发的快速定制平台，集成新型敏捷系统搭建，数据构建，高应用性能，系统安全等全方位的互联网项目解决方案，全面降低互联网应用开发的准入门槛。通过对业务的创新，简易地构建系统，即可实现全新的企业应用。摩快云平台是为创新公司，租车公司，贸易公司及合作伙伴等提供快速高效的技术平台。,https://www.zhipin.com/gongsi/8842313887e3387f1nd73ty_E1I~.html,https://www.zhipin.com/job_detail/adb1cb8dd67c67a81nV53tW-E1BS.html,2024-05-15 01:30:59,"[['C#', 'dotnet framework', 'WINFORM', 'WebAPI', '面向对象编程', 'B/S结构', 'C/S结构', 'SQL语句', 'MS SQLSERVER']]"
.net core研发工程师,深圳宝安区中粮创芯研发中心1栋2002室,本科,3-5年,,12-18K,计算机软件,,100-499人,B轮,最新,全职,研发要求：1、计算机及相关专业，大专及以上学历，2年以上.Net Core经验以上；2、精通C#、.NET Core开发技术，熟练使用EF等相关ORM框架，熟悉DDD编程思想；3、熟练使用SQLserver、Mysql等数据库；4、熟练掌握Redis等相关NOSQL等相关技术；5、熟悉常用消息队列框架等；6、熟悉前端VUE开发技术更佳；7、具有ERP行业相关开发经验更佳；8、具有良好的编码习惯和较好的的沟通能力、协调能力、自我约束能力、主动性强、学习能力强、责任心强、能承受较强的工作压力、有较强的团队合作精神。,"深圳印智互联信息技术有限公司，是一家专注于印刷包装行业的互联网公司，目前产品线有ERP管理系统、网络印刷电商平台、网络印刷微信营销平台、供应链电商平台、移动APP等解决方案。成立至今, 公司坚持“以互联网技术推动制造业变革”为目标，立志以互联网技术为B2B、B2C的印刷行业信息化升级改造，全力打造互联网生态链系统，重塑印刷行业生态体系，力争全行业、全产业链都能达到共赢。华印网获得“投资中国”评选2014年深圳20佳项目评选，目前已进入B轮融资。旗下品牌产品线：印管家--ERP系统：专注于中小型印刷企业信息化管理，以简单、易用、实用为目标，通过信息手段帮助印企老板打造高效的管人、管事、管物、管财的团队，大道至简，印管家把更多印企老板从繁杂的管理工作中解放出来。印刷精灵--手机APP：引入移动办公概念,对客户,全方位信息化渠道接入,服务无处不在,下单时时刻刻；对老板,实现SOHO办公,公司外也能处理公司事务及企业状况分析；对销售,报价、下单、跟踪一机搞定!对生产,手机报产、工资统计、效率排名,工作不再无聊。运用移动互联网技术深度解决印刷企业日常管理问题。聚印网—B2B、O2O电子商务平台，颠覆传统电商模式，打造行业全新生态链，此项目目前在进行B轮融资。",https://www.zhipin.com/gongsi/a0d9377438a5fcfe1HJ809i8GQ~~.html,https://www.zhipin.com/job_detail/c6a310dcbf00cae31X162tu9GFFV.html,2024-05-15 01:31:22,"[['.NET Core', 'C#', 'EF', 'DDD', 'SQLserver', 'Mysql', 'Redis', '消息队列', 'VUE', 'ERP行业']]"
net程序员,深圳南山区园西工业区27栋208,本科,3-5年,,8-9K,游戏,,20-99人,,招聘中,全职,职责描述： 1. 长期主要负责公司后台营销管理系统开发与维护；任职要求： 1、三年以上工作经验，熟悉.Net平台和C语言，参与过大中型系统开发；2、深刻理解面向对象思想。了解IOC、AOP等常用设计理念；3、有.NET Core的实际使用经验优先；4、熟练掌握ASP.NET Core .NET技术框架；5、熟练掌握Sql Server、Mysql等数据库，至少掌握一种ORM框架；6、具有标准化、规范化的代码书写习惯，对代码进行单元测试；7、具有良好的团队协作、沟通能力和敬业精神；8、有大型分布式、高并发、高负载、高可用系统设计、开发和调优经验优先；9、对新技术保持好奇心和持续钻研的热情，能通过自主学习解决相关的技术难题；薪资面议上班时间：09：30-18：30,,https://www.zhipin.com/gongsi/8f7c00363b6407e30HN80964Eg~~.html,https://www.zhipin.com/job_detail/a74704b498f6871d0HJ-2966FVU~.html,2024-05-15 01:31:45,"[['.Net平台', 'C语言', '面向对象思想', 'IOC', 'AOP', 'NET Core', 'ASP.NET Core', 'Sql Server', 'Mysql', 'ORM框架', '单元测试', '团队协作', '沟通能力', '敬业精神', '大型分布式系统', '高并发', '高负载', '高可用系统', '新技术']]"
.net开发工程师,深圳龙华区深圳市领威科技有限公司力劲工业园西南门，G栋3搂,本科,3-5年,,14-28K,电气机械/器材,,1000-9999人,已上市,招聘中,全职,"岗位职责1. 完成软件系统代码的实现，编写代码注释和开发文档；2. 辅助进行系统的功能定义，程序设计；3. 根据设计文档或需求说明完成代码编写，调试，测试和维护；4. 分析并解决软件开发过程中发现的问题；5. 协助测试工程师制定测试计划，定位发现的问题；6. 负责公司开发项目的技术支持。任职资格：1. 通信、电子、计算机相关专业本科及以上学历，两年以上ASP.NET(C#)开发经验，具有ASP.NET大型B/S架构系统开发经验；2. 精通SQL Server数据库及其应用开发，了解Oracle,MySql；3. 熟练掌握HTML、JavaScript、jQuery、Ajax、XML、DIV、CSS等相关技术；4. 两年及以上用友U9实施/开发/运维经验，参与过2个以上完整的实施项目；有用友ERP、金蝶ERP接口开发经验的优先考虑；5. 具有信息系统相关项目的需求分析、设计、开发及管理经验者优先；6. 思维清晰敏捷，逻辑分析能力强，良好的语言与书面表达能力；7. 具较强团队协作意识，工作积极主动，能够胜任一定压力下工作。8. 有机械设备行业经验优先考虑",一、公司简介：力劲集团1979年创立于香港，经过近三十年的发展，现己成为拥有香港力劲、深圳力劲、领威科技、中山力劲、上海一达、宁波力劲、 阜新力劲、台湾力劲及海外之美国分公司、加拿大分公司等16家子公司，以生产压铸机为主的大型企业集团，重工设备广泛应用于汽车、摩托车、电子、通讯、航空、礼品、玩具等多个领域。2006年10月集团公司在香港联交所主板成功上市，市值197亿。力劲集团在深圳、上海、中山、宁波、阜新等地拥有大规模的独立的现代化研发及制造基地，在中国各地设有30多个客户服务中心；在海外20多个国家和地区设有营销与客户服务中心，为客户提供完善而及时的服务；为与全球客户的共同成功奠定了坚实的基础。目前力劲集团的全资子公司有传统的制造业公司-深圳领威和人工智能公司-深圳力劲科技，地处深圳龙华区清湖，整个高新技术园占地两百亩，其中深圳力劲科技属于AI大数据研发，目前与清华大学、北京化工大学、香港理工大学、华南理工大学等科研院校之间的技术合作，制定了国家压铸机标准，并研发了相关视觉算法系统。二、行业前景自2019年，公司与特斯拉实现了新能源汽车车架一体压铸成型，将原先70道工序简化为3分钟一体压铸成型，可以为特斯拉实现一年生产18万辆的产值，目前新研发的12000T大型压铸单元为全球技术第一，市场份额和技术沉淀也占全球首位。,https://www.zhipin.com/gongsi/7891ff097f841d0a1XR539m6E1I~.html,https://www.zhipin.com/job_detail/7343fdff5a0047d91Hdy2tq7FFdY.html,2024-05-15 01:32:08,"[['ASP.NET', 'C#', 'SQL Server', 'Oracle', 'MySql', 'HTML', 'JavaScript', 'jQuery', 'Ajax', 'XML', 'DIV', 'CSS', 'U9', 'ERP', '金蝶ERP']]"
.net开发工程师,深圳南山区哈尔滨工业大学大厦A701,学历不限,5-10年,,11-20K,计算机软件,,20-99人,未融资,招聘中,全职,任职要求1、5年以上.net开发经验，有金蝶云星空产品开发经验者优先，有架构设计工作经验者优先。2、熟练掌握.Net开发框架，熟练掌握ASP.net基本开发技能，熟练使用C#开发语言；3、熟练掌握JavaScript 或Jquery脚本编写、熟悉Ajax 技术；4、熟练掌握SQL Server，熟练编写T-SQL语句，了解SQL性能优化；5、具有良好的沟通能力和团队合作精神，为人正直、诚信，有较强的事业心，对工作认真负责。公司福利：1、7小时5天制；2、购买五险一金；3、员工生日、结婚、生子礼金；4、年度旅游；5、节日福利如端午、中秋等节日；6、团队每月常规活动聚餐等,优讯软件（深圳）有限公司是一家致力于企业管理软件、移动互联网应用的高新技术企业。 主营业务为企业ERP及智能制造、数字营销，不断推动企业服务产业变革，助力企业数字化转型与智能化发展。企业使命：帮助企业快速实现信息化建设企业景愿：企业应用整体解决方案服务商企业定位：以精英团队为发展模式，咨询、开发、实施、服务一体化的技术型公司经营理念：服务创造价值，品质成就未来企业文化：诚信、创新、团结、敬业,https://www.zhipin.com/gongsi/309f02eeb12e45fe1nx53d2-FVs~.html,https://www.zhipin.com/job_detail/a206a94f1ac0dc631X163ty7F1FU.html,2024-05-15 01:33:15,"[['.NET开发经验', '金蝶云星空产品开发经验', '架构设计工作经验'], ['.NET开发框架', 'ASP.net基本开发技能', 'C#开发语言'], ['JavaScript', 'Jquery脚本编写', 'Ajax技术'], ['SQL Server', 'T-SQL语句', 'SQL性能优化']]"
NET Core工程师,深圳南山区塘朗城广场深圳南山区塘朗城广场塘朗城西区A座1001,本科,1-3年,,10-15K,计算机软件,,100-499人,不需要融资,招聘中,全职,"职位信息1、使用.NET Core相关工具，完成公司产品的软件开发及编码实现；2、配合测试人员完成系统测试工作，协助实施人员完成系统实施工作；3、编写系统设计开发过程中的相关文档；岗位要求：1、计算机及相关专业，本科及以上学历，2年以上.Net Core经验；2、精通.NET Core开发技术，熟悉WebAPI，MVC架构；3、熟悉前端开发及框架；4、熟悉SQL, 熟练使用Mysql等数据库；5、熟悉Linux环境下.net core运行的相关配置;6、具有良好的编码习惯，较强的分析问题及独立承担任务的能力；工作地点：深圳南山区塘朗城广场塘朗城西区A座1001",深圳市艾博德科技股份有限公司 艾博德股份公司成立于2006年，艾博德股份具有健全的研发、生产管理体系，具有完善的销售、服务机构，专业从事智慧教育云平台、课堂互动教学软件、电子白板软件、大小屏互动以及红外触摸屏、交互式电子白板、激光投影机、多媒体教学一体机、液晶触摸一体机、会议一体机、广告机等产品的研发与生产。累计取得软件著作权80多项、专利技术50多项，其中发明专利7项，荣获各种荣誉资质40多项。在美国、日本、德国、香港设有全资子公司，国际化业务遍布全球80多个国家及地区，国内业务遍布全国34个省和自治区、直辖市及特别行政区，是集科、工、贸为一体的国家高新技术企业和重点软件企业。 艾博德股份于2007年2月6日在中国深圳正式注册成立，于2014年进行股份制改造，正式改名为深圳市艾博德科技股份有限公司。艾博德股份已被列为国家高新企业和深圳软件企业名单，2014年12月26日收到股转公司同意挂牌批复函，2015年1月15日公司正式挂牌，转型为新三板上市企业（股票简称：艾博德，股票代码为831753），同年“艾博德”获得广东省工商局颁发的广东省著名商标。 艾博德股份坚持以客户为中心，以奋斗者为本，基于客户需求持续创新，赢得了客户的尊重和信赖；自主掌握红外触摸核心技术，拥有一批经验丰富，勇于创新，一直致力于人机交互和红外触摸开发与应用的专业团队；我们始终聚焦战略，自主创新，准确地把握信息化对传统教育模式带来深刻变革的大趋势，在教育信息化系列产品的核心技术方面进行了持续的、大量的研发投入，使公司在互动教育系列产品上取得了巨大优势。 艾博德股份是一家快速成长中的高新科技企业，尖端的技术，国际化的视野，人性化的管理，绝佳的锻炼机会，广阔的发展平台…… 所有一切，愿与您共同分享!艾博德人欢迎您! 人才是企业发展的关键，吸引人、培养人、留住人、激励人、成就人，是我们人力资源工作的理念。我们不断拓展新的业务领域，为员工提供的巨大的发展空间，凭借清晰的晋级制度，较强的文化包容性，完善的员工培训体系，可持续的人力资源开发，为员工搭建公平竞争的成长平台，提供可持续发展的机会和空间。我们倡导沟通自由，在尊重个性发展的同时，追求个性发展与团队意识的协调一致。我们希望成为最受信赖和尊重、最能吸引人才、最能让人才有发展空间的公司。 我们坚信：人才是企业最有价值的资源!,https://www.zhipin.com/gongsi/25c951f6a2e2af7d1nJ939q1GQ~~.html,https://www.zhipin.com/job_detail/5328095e907fe0761XN42928FlpT.html,2024-05-15 00:30:52,"[['.NET Core', 'WebAPI', 'MVC架构', '前端开发', '框架', 'SQL', 'Mysql', 'Linux', '编码习惯', '分析问题', '独立承担任务']]"
高级系统分析师,深圳南山区华润置地大厦E座17楼C室,本科,3-5年,,13-21K,计算机软件,,100-499人,已上市,招聘中,全职,一 工作职责：1.负责系统的需求分析、设计和开发，包括但不限于系统框架设计、业务逻辑设计、数据库设计、接口设计等；2.根据业务需求独立进行系统的设计和实现，并提出改进意见；3.负责系统的测试、优化和维护，确保系统的稳定性和安全性；4.与团队成员、用户、产品经理等部门沟通，了解需求，并协调解决问题；5.处理开发相关的文件和文档，包括但不限于技术文档、设计文档、测试文档等，确保文档的准确性和完整性；6.及时跟进技术领域的发展和变化，积极学习新的技术和工具，提升自身的技术水平和能力。二 工作要求：1.本科及以上学历，计算机相关专业优先；2.至少3年以上.NET开发经验，熟悉SQL Server；3.熟悉前后端开发技术，能够独立完成系统分析和设计；4.熟悉开发标准，能够按照标准进行开发，保证代码质量；5.熟悉版本控制工具 Git 等，具有良好的代码管理和协作能力，能够合理地使用分支、合并和提交等功能；6.具有良好的沟通、协调和团队合作能力；7.有较强的逻辑思维能力和问题解决能力；8.熟悉粤语者优先；9.有领导开发团队经验者优先。,双休，平时基本不加班。科联系统集团有限公司 www.ctil.com企业愿景：善用资讯科技构建美好世界！ 企业介绍：成立于一九九一年，自一九九八年起于香港联交所主板上市（股票编号： SEHK00046）。科联集团一直致力提供优越的软件产品，范畴涵盖人力资源管理至企业层面的资讯管理丶采购管理及零售管理，使各机构能更有效地经营其业务及运作。除软件产品外，科联集团多年来於提供高效资讯科技解决方案及优质服务方面拥有卓越的往绩记录，包括资讯科技解决方案的设计及执行丶软件开发丶网上电子服务以及商务流程外判服务，均旨在提升客户的竞争优势。 子公司品牌包括：PLATINUM（白金软件）、IPL、VITOVA、ChainStorePlus 行业客户：过去二十多年来，科联集团产品及服务被不同行业的公司所广泛采用，客户遍布本地大型企业集团至跨国公司及政府机关。产品及服务涵盖范围亦非常广泛，由衣食住行等基本生活必需至高端专业服务，全方位满足客户在业务及营运上的不同需求。 公司薪资福利：1. 人性化管理理念，公司提供优厚的休假制度（其中包含6天/年的带薪病假）；2. 员工关怀体系细致入微，每年提供员工全方位的身体检查；个别城市的班车服务；商业医疗保险让您和家人在工作的同时拥有更多健康保障；重要节日礼金；生育礼包津贴等；3. 午餐补贴让您在CBD也能无忧用餐；4. 团队建设：丰富的业余生活、聚餐、各类比赛、生日party、年度outing等。 人员招募：科联系统以卓越的科技产品理念愿与您共同携手构建美好世界，科联愿与您共同实现职业愿景!科联系统期待您的加入!,https://www.zhipin.com/gongsi/8db5d8184a313a8d1nB-3d6_ElA~.html,https://www.zhipin.com/job_detail/0f86d016a5e3be251Xx52920ElVU.html,2024-05-15 00:31:14,"[['需求分析', '系统设计', '开发', '系统框架设计', '业务逻辑设计', '数据库设计', '接口设计', '系统测试', '系统优化', '系统维护', '稳定性', '安全性', '沟通', '协调', '团队合作', '技术文档', '设计文档', '测试文档', '技术领域发展', '技术工具学习', '技术水平和能力提升', '计算机相关专业', '.NET开发', 'SQL Server', '前后端开发', '开发标准', '代码质量', '版本控制', 'Git', '代码管理', '协作能力', '分支', '合并', '提交', '粤语', '领导开发团队']]"
技术工程师,深圳南山区深圳国家高技术产业创新中心数字技术园A1栋3楼卓佰科技,本科,1-3年,,11-14K,计算机服务,,0-20人,,招聘中,全职,岗 位：研发工程师任资资格：1.本科及以上学历，计算机软件等相关专业；2.具有2年及以上开发经验；3.熟悉Oralce/SqlServer数据库开发，具有良好的数据库编程能力；4. 有ERP/WMS等系统接口开发和二次开发经验优先；5. 具备良好的沟通和团队协作能力，有较强的自主学习开发能力。6，具有仓储物流系统工作经验优先录取 熟悉WMS系统,,https://www.zhipin.com/gongsi/128f975c39474f5e1nB73ty_E1Q~.html,https://www.zhipin.com/job_detail/f6e8a1235007c92c1X1y3d-6ElZQ.html,2024-05-15 00:32:01,"[['Oracle', 'SQL Server', 'ERP', 'WMS', '数据库编程', '沟通', '团队协作', '自主学习', '仓储物流系统', 'WMS系统']]"
.NET开发工程师（高级）,深圳软件大厦606,本科,5-10年,,12-20K,计算机软件,,20-99人,未融资,最新,全职,***非外包公司，2014年成立至今***公司网址：www.wit66.com不压工资，不设上限，看能力说话，页面标志工资可谈有余地！！！岗位职责：1. 负责公司产品的设计、开发和维护工作；2. 参与系统架构、模块设计和文档编写，能独立完成模块的设计、编码；3. 参与 to G（政府及事业单位）项目新技术或新功能的预研。任职资格：1、本科及以上学历，计算机相关专业；2、5年及以上相关工作经验；3、精通.net开发、C#6及以上，熟练.NET CORE 2.0及以上、MVC4及以上、依赖注入、异步编程、EF-CodeFirst模式，Lambda表达式LINQ，会使用委托、反射及多线程。4、精通Sql Server、MySQL、Oracle至少一种，熟悉大型数据库的数据库管理；5、沟通及协调能力强，有一定的团队意识及团队协助能力，品行端正，责任心强。,深圳市和智物联科技有限公司成立于2014年，定位于互联网、物联网、大数据分析的全战略医疗数字化解决方案服务商，为医疗领域提供应用软件开发、销售、售后全程一站式战略服务，已为全国范围内不同需求的大型三甲医院、高校、交通等打造了大量的成熟软件。,https://www.zhipin.com/gongsi/7115119df6ce01d51n18092-Fw~~.html,https://www.zhipin.com/job_detail/f78a434af807e5081nd42d--GFdQ.html,2024-05-15 00:32:23,"[['.NET开发', 'C#6及以上', 'NET CORE 2.0及以上', 'MVC4及以上', '依赖注入', '异步编程', 'EF-CodeFirst模式', 'Lambda表达式LINQ', '委托', '反射', '多线程'], ['Sql Server', 'MySQL', 'Oracle'], ['沟通及协调能力', '团队意识', '团队协助能力', '品行端正', '责任心强']]"
.NET,深圳南山区赋安科技大厦A座3楼301-1jeez极致,本科,5天/周 3个月,,200-250元/天,计算机软件,,100-499人,已上市,招聘中,全职,"岗位职责：1、通过努力学习，获得岗位初级技能，熟悉公司产品架构和管理体系，遵守公司管理制度。2、通过培养期阶段性考核，比如培训考核、实习期考核、转正考核等。3、能积极配合团队管理者和导师开展工作,并完成管理者分配的相关工作事宜。4、向管理人员和技术人员方向培养,收获广阔的职业空间和良好的薪酬回报。任职资格:1、2024年应届毕业生，本科及以上学历,计算机、软件工程、数学与应用数学等相关专业；在校成绩优异。2、熟悉各类编程语言,熟悉编程,熟悉MySQL、SQLsever、.net等软件的使用；3、对信息化平台建设有独特见解，有相关项目经验；4、在校期间有互联网公司实习经验者优先考虑；5、勤恳踏实、吃苦耐劳、团队意识、积极、创新。ps：本岗位招聘稳定的长期工，不接受短期实习。后续往.NET方向发展。需3月到岗且后续不请长假。",深圳市极致科技股份有限公司（股票代码：870116）成立于2005年，是专注于物业管理信息化和智慧社区业务的国家高新技术企业，拥有30多项软件著作权和专利。极致科技的产品包括极致物业管理软件、“极致办公”移动办公平台、“极致社区”社区运营平台，以及包括极致智能停车系统、极致智能门禁系统和极致智能对讲系统的智慧社区硬件平台。极致科技总部位于深圳市南山区科技园，在北京、上海、广州、武汉、成都、济南、苏州、兰州等地设立有全资子公司或控股子公司，在全国各地有多家合作伙伴。极致科技通过覆盖全国一线城市的服务网络，为广大的房地产企业和物业服务企业提供优质的本地化服务。招商局物业、中航物业、广州城建物业、华侨城物业、康景物业、上海保利物业、北京金融街物业等超过30家“中国物业服务百强企业”，以及招商局蛇口工业区、雅居乐置业等知名房地产企业均是极致科技的荣誉客户。使用极致智慧社区产品和服务的企业超过1000家，物业项目超过5000个，这些物业项目的管理面积超过4亿平方米。极致科技以不断的知识积累和技术创新为前进动力，通过将物业管理信息化和智慧社区领域的产品和服务做到极致，来满足客户不断发展的应用需求，为客户创造价值。2017年05月 获得深圳市科技创新委员会立项，极致科技因此获得500万元的无息借款；2016年12月 挂牌“新三板”，成功登陆资本市场；2016年06月 公司股改成功，正式更名为“深圳市极致科技股份有限公司”；2015年09月 获评优秀物业管理供应商；2012年12月 获评为国家级高新技术企业；2011年02月 极致物业管理软件获得“2010年深圳市自主创新产品”认定；2010年06月 “极致物业管理软件 V7.0”获得科技部技术创新基金正式立项，并获得105万元无偿资助；2009年06月 成为广东移动深圳分公司“物管行业信息化合作伙伴”；2008年12月 获得深圳市政府和深圳市福田区政府两级政府的创新产品研发资金补贴；2008年05月 成为《中国物业管理》杂志协办单位；2007年11月 成为英特尔软件合作伙伴计划的认证会员；2007年09月 获评为深圳市高新技术企业；2007年06月 获得“极致业务基础平台软件 V6.1”和“极致物业管理软件V6.1”的软件著作权登记证书；2007年06月 参加第五届中国软件交易会，并获评为“2007中国软件自主创新100家典型企业”；2007年05月 成为深圳信息软件协会会员单位；2006年08月 通过了深圳市的“双软认定”；2006年06月 成为深圳市软件行业协会会员单位。,https://www.zhipin.com/gongsi/f9214ce8f90c76d00HR-3N64.html,https://www.zhipin.com/job_detail/39fec34693c0a7521Hdz3NS9FFFY.html,2024-05-15 00:31:37,"[['编程语言', 'MySQL', 'SQLsever', '.net']]"
